Index,LevelID,Job,Card_S,Card_A,Card_B,c1.CardID,c1.Hit,c2.CardID,c2.Hit,c3.CardID,c3.Hit,c4.CardID,c4.Hit,c5.CardID,c5.Hit
1101101,11011,1,1,1,1,1010011,100,1010012,200,1010013,500,1010014,2000,1010015,5000
1101201,11012,1,1,1,1,2010011,100,2010012,200,2010013,500,2010014,2000,2010015,5000
1101301,11013,1,1,1,1,3010011,100,3010012,200,3010013,500,3010014,2000,3010015,5000
1102101,11021,1,1,1,1,1010021,100,1010022,200,1010023,500,1010024,2000,1010025,5000
1102201,11022,1,1,1,1,2010021,100,2010022,200,2010023,500,2010024,2000,2010025,5000
1102301,11023,1,1,1,1,3010021,100,3010022,200,3010023,500,3010024,2000,3010025,5000
1103101,11031,1,1,1,1,1010031,100,1010032,200,1010033,500,1010034,2000,1010035,5000
1103201,11032,1,1,1,1,2010031,100,2010032,200,2010033,500,2010034,2000,2010035,5000
1103301,11033,1,1,1,1,3010031,100,3010032,200,3010033,500,3010034,2000,3010035,5000
1104101,11041,1,1,1,1,1010041,100,1010042,200,1010043,500,1010044,2000,1010045,5000
1104201,11042,1,1,1,1,2010041,100,2010042,200,2010043,500,2010044,2000,2010045,5000
1104301,11043,1,1,1,1,3010041,100,3010042,200,3010043,500,3010044,2000,3010045,5000
1105101,11051,1,1,1,1,1010051,100,1010052,200,1010053,500,1010054,2000,1010055,5000
1105201,11052,1,1,1,1,2010051,100,2010052,200,2010053,500,2010054,2000,2010055,5000
1105301,11053,1,1,1,1,3010051,100,3010052,200,3010053,500,3010054,2000,3010055,5000
1106101,11061,1,1,1,1,1010061,100,1010062,200,1010063,500,1010064,2000,1010065,5000
1106201,11062,1,1,1,1,2010061,100,2010062,200,2010063,500,2010064,2000,2010065,5000
1106301,11063,1,1,1,1,3010061,100,3010062,200,3010063,500,3010064,2000,3010065,5000
1201101,12011,1,1,1,1,1010071,100,1010072,200,1010073,500,1010074,2000,1010075,5000
1201201,12012,1,1,1,1,2010071,100,2010072,200,2010073,500,2010074,2000,2010075,5000
1201301,12013,1,1,1,1,3010071,100,3010072,200,3010073,500,3010074,2000,3010075,5000
1202101,12021,1,1,1,1,1010081,100,1010082,200,1010083,500,1010084,2000,1010085,5000
1202201,12022,1,1,1,1,2010081,100,2010082,200,2010083,500,2010084,2000,2010085,5000
1202301,12023,1,1,1,1,3010081,100,3010082,200,3010083,500,3010084,2000,3010085,5000
1203101,12031,1,1,1,1,1010091,100,1010092,200,1010093,500,1010094,2000,1010095,5000
1203201,12032,1,1,1,1,2010091,100,2010092,200,2010093,500,2010094,2000,2010095,5000
1203301,12033,1,1,1,1,3010091,100,3010092,200,3010093,500,3010094,2000,3010095,5000
1204101,12041,1,1,1,1,1010101,100,1010102,200,1010103,500,1010104,2000,1010105,5000
1204201,12042,1,1,1,1,2010101,100,2010102,200,2010103,500,2010104,2000,2010105,5000
1204301,12043,1,1,1,1,3010101,100,3010102,200,3010103,500,3010104,2000,3010105,5000
1205101,12051,1,1,1,1,1010111,100,1010112,200,1010113,500,1010114,2000,1010115,5000
1205201,12052,1,1,1,1,2010111,100,2010112,200,2010113,500,2010114,2000,2010115,5000
1205301,12053,1,1,1,1,3010111,100,3010112,200,3010113,500,3010114,2000,3010115,5000
1206101,12061,1,1,1,1,1010121,100,1010122,200,1010123,500,1010124,2000,1010125,5000
1206201,12062,1,1,1,1,2010121,100,2010122,200,2010123,500,2010124,2000,2010125,5000
1206301,12063,1,1,1,1,3010121,100,3010122,200,3010123,500,3010124,2000,3010125,5000
1301101,13011,1,1,1,1,1010131,100,1010132,200,1010133,500,1010134,2000,1010135,5000
1301201,13012,1,1,1,1,2010131,100,2010132,200,2010133,500,2010134,2000,2010135,5000
1301301,13013,1,1,1,1,3010131,100,3010132,200,3010133,500,3010134,2000,3010135,5000
1302101,13021,1,1,1,1,1010141,100,1010142,200,1010143,500,1010144,2000,1010145,5000
1302201,13022,1,1,1,1,2010141,100,2010142,200,2010143,500,2010144,2000,2010145,5000
1302301,13023,1,1,1,1,3010141,100,3010142,200,3010143,500,3010144,2000,3010145,5000
1303101,13031,1,1,1,1,1010151,100,1010152,200,1010153,500,1010154,2000,1010155,5000
1303201,13032,1,1,1,1,2010151,100,2010152,200,2010153,500,2010154,2000,2010155,5000
1303301,13033,1,1,1,1,3010151,100,3010152,200,3010153,500,3010154,2000,3010155,5000
1304101,13041,1,1,1,1,1010161,100,1010162,200,1010163,500,1010164,2000,1010165,5000
1304201,13042,1,1,1,1,2010161,100,2010162,200,2010163,500,2010164,2000,2010165,5000
1304301,13043,1,1,1,1,3010161,100,3010162,200,3010163,500,3010164,2000,3010165,5000
1305101,13051,1,1,1,1,1010171,100,1010172,200,1010173,500,1010174,2000,1010175,5000
1305201,13052,1,1,1,1,2010171,100,2010172,200,2010173,500,2010174,2000,2010175,5000
1305301,13053,1,1,1,1,3010171,100,3010172,200,3010173,500,3010174,2000,3010175,5000
1306101,13061,1,1,1,1,1010181,100,1010182,200,1010183,500,1010184,2000,1010185,5000
1306201,13062,1,1,1,1,2010181,100,2010182,200,2010183,500,2010184,2000,2010185,5000
1306301,13063,1,1,1,1,3010181,100,3010182,200,3010183,500,3010184,2000,3010185,5000
1401101,14011,1,1,1,1,1010191,100,1010192,200,1010193,500,1010194,2000,1010195,5000
1401201,14012,1,1,1,1,2010191,100,2010192,200,2010193,500,2010194,2000,2010195,5000
1401301,14013,1,1,1,1,3010191,100,3010192,200,3010193,500,3010194,2000,3010195,5000
1402101,14021,1,1,1,1,1010201,100,1010202,200,1010203,500,1010204,2000,1010205,5000
1402201,14022,1,1,1,1,2010201,100,2010202,200,2010203,500,2010204,2000,2010205,5000
1402301,14023,1,1,1,1,3010201,100,3010202,200,3010203,500,3010204,2000,3010205,5000
1403101,14031,1,1,1,1,1010211,100,1010212,200,1010213,500,1010214,2000,1010215,5000
1403201,14032,1,1,1,1,2010211,100,2010212,200,2010213,500,2010214,2000,2010215,5000
1403301,14033,1,1,1,1,3010211,100,3010212,200,3010213,500,3010214,2000,3010215,5000
1404101,14041,1,1,1,1,1010221,100,1010222,200,1010223,500,1010224,2000,1010225,5000
1404201,14042,1,1,1,1,2010221,100,2010222,200,2010223,500,2010224,2000,2010225,5000
1404301,14043,1,1,1,1,3010221,100,3010222,200,3010223,500,3010224,2000,3010225,5000
1405101,14051,1,1,1,1,1010231,100,1010232,200,1010233,500,1010234,2000,1010235,5000
1405201,14052,1,1,1,1,2010231,100,2010232,200,2010233,500,2010234,2000,2010235,5000
1405301,14053,1,1,1,1,3010231,100,3010232,200,3010233,500,3010234,2000,3010235,5000
1406101,14061,1,1,1,1,1010241,100,1010242,200,1010243,500,1010244,2000,1010245,5000
1406201,14062,1,1,1,1,2010241,100,2010242,200,2010243,500,2010244,2000,2010245,5000
1406301,14063,1,1,1,1,3010241,100,3010242,200,3010243,500,3010244,2000,3010245,5000
2101101,21011,1,1,1,1,1010251,100,1010252,200,1010253,500,1010254,2000,1010255,5000
2101201,21012,1,1,1,1,2010251,100,2010252,200,2010253,500,2010254,2000,2010255,5000
2101301,21013,1,1,1,1,3010251,100,3010252,200,3010253,500,3010254,2000,3010255,5000
2102101,21021,1,1,1,1,1010261,100,1010262,200,1010263,500,1010264,2000,1010265,5000
2102201,21022,1,1,1,1,2010261,100,2010262,200,2010263,500,2010264,2000,2010265,5000
2102301,21023,1,1,1,1,3010261,100,3010262,200,3010263,500,3010264,2000,3010265,5000
2103101,21031,1,1,1,1,1010271,100,1010272,200,1010273,500,1010274,2000,1010275,5000
2103201,21032,1,1,1,1,2010271,100,2010272,200,2010273,500,2010274,2000,2010275,5000
2103301,21033,1,1,1,1,3010271,100,3010272,200,3010273,500,3010274,2000,3010275,5000
2104101,21041,1,1,1,1,1010281,100,1010282,200,1010283,500,1010284,2000,1010285,5000
2104201,21042,1,1,1,1,2010281,100,2010282,200,2010283,500,2010284,2000,2010285,5000
2104301,21043,1,1,1,1,3010281,100,3010282,200,3010283,500,3010284,2000,3010285,5000
2105101,21051,1,1,1,1,1010291,100,1010292,200,1010293,500,1010294,2000,1010295,5000
2105201,21052,1,1,1,1,2010291,100,2010292,200,2010293,500,2010294,2000,2010295,5000
2105301,21053,1,1,1,1,3010291,100,3010292,200,3010293,500,3010294,2000,3010295,5000
2106101,21061,1,1,1,1,1010301,100,1010302,200,1010303,500,1010304,2000,1010305,5000
2106201,21062,1,1,1,1,2010301,100,2010302,200,2010303,500,2010304,2000,2010305,5000
2106301,21063,1,1,1,1,3010301,100,3010302,200,3010303,500,3010304,2000,3010305,5000
2201101,22011,1,1,1,1,1010311,100,1010312,200,1010313,500,1010314,2000,1010315,5000
2201201,22012,1,1,1,1,2010311,100,2010312,200,2010313,500,2010314,2000,2010315,5000
2201301,22013,1,1,1,1,3010311,100,3010312,200,3010313,500,3010314,2000,3010315,5000
2202101,22021,1,1,1,1,1010321,100,1010322,200,1010323,500,1010324,2000,1010325,5000
2202201,22022,1,1,1,1,2010321,100,2010322,200,2010323,500,2010324,2000,2010325,5000
2202301,22023,1,1,1,1,3010321,100,3010322,200,3010323,500,3010324,2000,3010325,5000
2203101,22031,1,1,1,1,1010331,100,1010332,200,1010333,500,1010334,2000,1010335,5000
2203201,22032,1,1,1,1,2010331,100,2010332,200,2010333,500,2010334,2000,2010335,5000
2203301,22033,1,1,1,1,3010331,100,3010332,200,3010333,500,3010334,2000,3010335,5000
2204101,22041,1,1,1,1,1010341,100,1010342,200,1010343,500,1010344,2000,1010345,5000
2204201,22042,1,1,1,1,2010341,100,2010342,200,2010343,500,2010344,2000,2010345,5000
2204301,22043,1,1,1,1,3010341,100,3010342,200,3010343,500,3010344,2000,3010345,5000
2205101,22051,1,1,1,1,1010351,100,1010352,200,1010353,500,1010354,2000,1010355,5000
2205201,22052,1,1,1,1,2010351,100,2010352,200,2010353,500,2010354,2000,2010355,5000
2205301,22053,1,1,1,1,3010351,100,3010352,200,3010353,500,3010354,2000,3010355,5000
2206101,22061,1,1,1,1,1010361,100,1010362,200,1010363,500,1010364,2000,1010365,5000
2206201,22062,1,1,1,1,2010361,100,2010362,200,2010363,500,2010364,2000,2010365,5000
2206301,22063,1,1,1,1,3010361,100,3010362,200,3010363,500,3010364,2000,3010365,5000
2301101,23011,1,1,1,1,1010371,100,1010372,200,1010373,500,1010374,2000,1010375,5000
2301201,23012,1,1,1,1,2010371,100,2010372,200,2010373,500,2010374,2000,2010375,5000
2301301,23013,1,1,1,1,3010371,100,3010372,200,3010373,500,3010374,2000,3010375,5000
2302101,23021,1,1,1,1,1010381,100,1010382,200,1010383,500,1010384,2000,1010385,5000
2302201,23022,1,1,1,1,2010381,100,2010382,200,2010383,500,2010384,2000,2010385,5000
2302301,23023,1,1,1,1,3010381,100,3010382,200,3010383,500,3010384,2000,3010385,5000
2303101,23031,1,1,1,1,1010391,100,1010392,200,1010393,500,1010394,2000,1010395,5000
2303201,23032,1,1,1,1,2010391,100,2010392,200,2010393,500,2010394,2000,2010395,5000
2303301,23033,1,1,1,1,3010391,100,3010392,200,3010393,500,3010394,2000,3010395,5000
2304101,23041,1,1,1,1,1010401,100,1010402,200,1010403,500,1010404,2000,1010405,5000
2304201,23042,1,1,1,1,2010401,100,2010402,200,2010403,500,2010404,2000,2010405,5000
2304301,23043,1,1,1,1,3010401,100,3010402,200,3010403,500,3010404,2000,3010405,5000
2305101,23051,1,1,1,1,1010411,100,1010412,200,1010413,500,1010414,2000,1010415,5000
2305201,23052,1,1,1,1,2010411,100,2010412,200,2010413,500,2010414,2000,2010415,5000
2305301,23053,1,1,1,1,3010411,100,3010412,200,3010413,500,3010414,2000,3010415,5000
2306101,23061,1,1,1,1,1010421,100,1010422,200,1010423,500,1010424,2000,1010425,5000
2306201,23062,1,1,1,1,2010421,100,2010422,200,2010423,500,2010424,2000,2010425,5000
2306301,23063,1,1,1,1,3010421,100,3010422,200,3010423,500,3010424,2000,3010425,5000
2401101,24011,1,1,1,1,1010431,100,1010432,200,1010433,500,1010434,2000,1010435,5000
2401201,24012,1,1,1,1,2010431,100,2010432,200,2010433,500,2010434,2000,2010435,5000
2401301,24013,1,1,1,1,3010431,100,3010432,200,3010433,500,3010434,2000,3010435,5000
2402101,24021,1,1,1,1,1010441,100,1010442,200,1010443,500,1010444,2000,1010445,5000
2402201,24022,1,1,1,1,2010441,100,2010442,200,2010443,500,2010444,2000,2010445,5000
2402301,24023,1,1,1,1,3010441,100,3010442,200,3010443,500,3010444,2000,3010445,5000
2403101,24031,1,1,1,1,1010451,100,1010452,200,1010453,500,1010454,2000,1010455,5000
2403201,24032,1,1,1,1,2010451,100,2010452,200,2010453,500,2010454,2000,2010455,5000
2403301,24033,1,1,1,1,3010451,100,3010452,200,3010453,500,3010454,2000,3010455,5000
2404101,24041,1,1,1,1,1010461,100,1010462,200,1010463,500,1010464,2000,1010465,5000
2404201,24042,1,1,1,1,2010461,100,2010462,200,2010463,500,2010464,2000,2010465,5000
2404301,24043,1,1,1,1,3010461,100,3010462,200,3010463,500,3010464,2000,3010465,5000
2405101,24051,1,1,1,1,1010471,100,1010472,200,1010473,500,1010474,2000,1010475,5000
2405201,24052,1,1,1,1,2010471,100,2010472,200,2010473,500,2010474,2000,2010475,5000
2405301,24053,1,1,1,1,3010471,100,3010472,200,3010473,500,3010474,2000,3010475,5000
2406101,24061,1,1,1,1,1010481,100,1010482,200,1010483,500,1010484,2000,1010485,5000
2406201,24062,1,1,1,1,2010481,100,2010482,200,2010483,500,2010484,2000,2010485,5000
2406301,24063,1,1,1,1,3010481,100,3010482,200,3010483,500,3010484,2000,3010485,5000
1101104,11011,4,1,1,1,1040011,100,1040012,200,1040013,500,1040014,2000,1040015,5000
1101204,11012,4,1,1,1,2040011,100,2040012,200,2040013,500,2040014,2000,2040015,5000
1101304,11013,4,1,1,1,3040011,100,3040012,200,3040013,500,3040014,2000,3040015,5000
1102104,11021,4,1,1,1,1040021,100,1040022,200,1040023,500,1040024,2000,1040025,5000
1102204,11022,4,1,1,1,2040021,100,2040022,200,2040023,500,2040024,2000,2040025,5000
1102304,11023,4,1,1,1,3040021,100,3040022,200,3040023,500,3040024,2000,3040025,5000
1103104,11031,4,1,1,1,1040031,100,1040032,200,1040033,500,1040034,2000,1040035,5000
1103204,11032,4,1,1,1,2040031,100,2040032,200,2040033,500,2040034,2000,2040035,5000
1103304,11033,4,1,1,1,3040031,100,3040032,200,3040033,500,3040034,2000,3040035,5000
1104104,11041,4,1,1,1,1040041,100,1040042,200,1040043,500,1040044,2000,1040045,5000
1104204,11042,4,1,1,1,2040041,100,2040042,200,2040043,500,2040044,2000,2040045,5000
1104304,11043,4,1,1,1,3040041,100,3040042,200,3040043,500,3040044,2000,3040045,5000
1105104,11051,4,1,1,1,1040051,100,1040052,200,1040053,500,1040054,2000,1040055,5000
1105204,11052,4,1,1,1,2040051,100,2040052,200,2040053,500,2040054,2000,2040055,5000
1105304,11053,4,1,1,1,3040051,100,3040052,200,3040053,500,3040054,2000,3040055,5000
1106104,11061,4,1,1,1,1040061,100,1040062,200,1040063,500,1040064,2000,1040065,5000
1106204,11062,4,1,1,1,2040061,100,2040062,200,2040063,500,2040064,2000,2040065,5000
1106304,11063,4,1,1,1,3040061,100,3040062,200,3040063,500,3040064,2000,3040065,5000
1201104,12011,4,1,1,1,1040071,100,1040072,200,1040073,500,1040074,2000,1040075,5000
1201204,12012,4,1,1,1,2040071,100,2040072,200,2040073,500,2040074,2000,2040075,5000
1201304,12013,4,1,1,1,3040071,100,3040072,200,3040073,500,3040074,2000,3040075,5000
1202104,12021,4,1,1,1,1040081,100,1040082,200,1040083,500,1040084,2000,1040085,5000
1202204,12022,4,1,1,1,2040081,100,2040082,200,2040083,500,2040084,2000,2040085,5000
1202304,12023,4,1,1,1,3040081,100,3040082,200,3040083,500,3040084,2000,3040085,5000
1203104,12031,4,1,1,1,1040091,100,1040092,200,1040093,500,1040094,2000,1040095,5000
1203204,12032,4,1,1,1,2040091,100,2040092,200,2040093,500,2040094,2000,2040095,5000
1203304,12033,4,1,1,1,3040091,100,3040092,200,3040093,500,3040094,2000,3040095,5000
1204104,12041,4,1,1,1,1040101,100,1040102,200,1040103,500,1040104,2000,1040105,5000
1204204,12042,4,1,1,1,2040101,100,2040102,200,2040103,500,2040104,2000,2040105,5000
1204304,12043,4,1,1,1,3040101,100,3040102,200,3040103,500,3040104,2000,3040105,5000
1205104,12051,4,1,1,1,1040111,100,1040112,200,1040113,500,1040114,2000,1040115,5000
1205204,12052,4,1,1,1,2040111,100,2040112,200,2040113,500,2040114,2000,2040115,5000
1205304,12053,4,1,1,1,3040111,100,3040112,200,3040113,500,3040114,2000,3040115,5000
1206104,12061,4,1,1,1,1040121,100,1040122,200,1040123,500,1040124,2000,1040125,5000
1206204,12062,4,1,1,1,2040121,100,2040122,200,2040123,500,2040124,2000,2040125,5000
1206304,12063,4,1,1,1,3040121,100,3040122,200,3040123,500,3040124,2000,3040125,5000
1301104,13011,4,1,1,1,1040131,100,1040132,200,1040133,500,1040134,2000,1040135,5000
1301204,13012,4,1,1,1,2040131,100,2040132,200,2040133,500,2040134,2000,2040135,5000
1301304,13013,4,1,1,1,3040131,100,3040132,200,3040133,500,3040134,2000,3040135,5000
1302104,13021,4,1,1,1,1040141,100,1040142,200,1040143,500,1040144,2000,1040145,5000
1302204,13022,4,1,1,1,2040141,100,2040142,200,2040143,500,2040144,2000,2040145,5000
1302304,13023,4,1,1,1,3040141,100,3040142,200,3040143,500,3040144,2000,3040145,5000
1303104,13031,4,1,1,1,1040151,100,1040152,200,1040153,500,1040154,2000,1040155,5000
1303204,13032,4,1,1,1,2040151,100,2040152,200,2040153,500,2040154,2000,2040155,5000
1303304,13033,4,1,1,1,3040151,100,3040152,200,3040153,500,3040154,2000,3040155,5000
1304104,13041,4,1,1,1,1040161,100,1040162,200,1040163,500,1040164,2000,1040165,5000
1304204,13042,4,1,1,1,2040161,100,2040162,200,2040163,500,2040164,2000,2040165,5000
1304304,13043,4,1,1,1,3040161,100,3040162,200,3040163,500,3040164,2000,3040165,5000
1305104,13051,4,1,1,1,1040171,100,1040172,200,1040173,500,1040174,2000,1040175,5000
1305204,13052,4,1,1,1,2040171,100,2040172,200,2040173,500,2040174,2000,2040175,5000
1305304,13053,4,1,1,1,3040171,100,3040172,200,3040173,500,3040174,2000,3040175,5000
1306104,13061,4,1,1,1,1040181,100,1040182,200,1040183,500,1040184,2000,1040185,5000
1306204,13062,4,1,1,1,2040181,100,2040182,200,2040183,500,2040184,2000,2040185,5000
1306304,13063,4,1,1,1,3040181,100,3040182,200,3040183,500,3040184,2000,3040185,5000
1401104,14011,4,1,1,1,1040191,100,1040192,200,1040193,500,1040194,2000,1040195,5000
1401204,14012,4,1,1,1,2040191,100,2040192,200,2040193,500,2040194,2000,2040195,5000
1401304,14013,4,1,1,1,3040191,100,3040192,200,3040193,500,3040194,2000,3040195,5000
1402104,14021,4,1,1,1,1040201,100,1040202,200,1040203,500,1040204,2000,1040205,5000
1402204,14022,4,1,1,1,2040201,100,2040202,200,2040203,500,2040204,2000,2040205,5000
1402304,14023,4,1,1,1,3040201,100,3040202,200,3040203,500,3040204,2000,3040205,5000
1403104,14031,4,1,1,1,1040211,100,1040212,200,1040213,500,1040214,2000,1040215,5000
1403204,14032,4,1,1,1,2040211,100,2040212,200,2040213,500,2040214,2000,2040215,5000
1403304,14033,4,1,1,1,3040211,100,3040212,200,3040213,500,3040214,2000,3040215,5000
1404104,14041,4,1,1,1,1040221,100,1040222,200,1040223,500,1040224,2000,1040225,5000
1404204,14042,4,1,1,1,2040221,100,2040222,200,2040223,500,2040224,2000,2040225,5000
1404304,14043,4,1,1,1,3040221,100,3040222,200,3040223,500,3040224,2000,3040225,5000
1405104,14051,4,1,1,1,1040231,100,1040232,200,1040233,500,1040234,2000,1040235,5000
1405204,14052,4,1,1,1,2040231,100,2040232,200,2040233,500,2040234,2000,2040235,5000
1405304,14053,4,1,1,1,3040231,100,3040232,200,3040233,500,3040234,2000,3040235,5000
1406104,14061,4,1,1,1,1040241,100,1040242,200,1040243,500,1040244,2000,1040245,5000
1406204,14062,4,1,1,1,2040241,100,2040242,200,2040243,500,2040244,2000,2040245,5000
1406304,14063,4,1,1,1,3040241,100,3040242,200,3040243,500,3040244,2000,3040245,5000
2101104,21011,4,1,1,1,1040251,100,1040252,200,1040253,500,1040254,2000,1040255,5000
2101204,21012,4,1,1,1,2040251,100,2040252,200,2040253,500,2040254,2000,2040255,5000
2101304,21013,4,1,1,1,3040251,100,3040252,200,3040253,500,3040254,2000,3040255,5000
2102104,21021,4,1,1,1,1040261,100,1040262,200,1040263,500,1040264,2000,1040265,5000
2102204,21022,4,1,1,1,2040261,100,2040262,200,2040263,500,2040264,2000,2040265,5000
2102304,21023,4,1,1,1,3040261,100,3040262,200,3040263,500,3040264,2000,3040265,5000
2103104,21031,4,1,1,1,1040271,100,1040272,200,1040273,500,1040274,2000,1040275,5000
2103204,21032,4,1,1,1,2040271,100,2040272,200,2040273,500,2040274,2000,2040275,5000
2103304,21033,4,1,1,1,3040271,100,3040272,200,3040273,500,3040274,2000,3040275,5000
2104104,21041,4,1,1,1,1040281,100,1040282,200,1040283,500,1040284,2000,1040285,5000
2104204,21042,4,1,1,1,2040281,100,2040282,200,2040283,500,2040284,2000,2040285,5000
2104304,21043,4,1,1,1,3040281,100,3040282,200,3040283,500,3040284,2000,3040285,5000
2105104,21051,4,1,1,1,1040291,100,1040292,200,1040293,500,1040294,2000,1040295,5000
2105204,21052,4,1,1,1,2040291,100,2040292,200,2040293,500,2040294,2000,2040295,5000
2105304,21053,4,1,1,1,3040291,100,3040292,200,3040293,500,3040294,2000,3040295,5000
2106104,21061,4,1,1,1,1040301,100,1040302,200,1040303,500,1040304,2000,1040305,5000
2106204,21062,4,1,1,1,2040301,100,2040302,200,2040303,500,2040304,2000,2040305,5000
2106304,21063,4,1,1,1,3040301,100,3040302,200,3040303,500,3040304,2000,3040305,5000
2201104,22011,4,1,1,1,1040311,100,1040312,200,1040313,500,1040314,2000,1040315,5000
2201204,22012,4,1,1,1,2040311,100,2040312,200,2040313,500,2040314,2000,2040315,5000
2201304,22013,4,1,1,1,3040311,100,3040312,200,3040313,500,3040314,2000,3040315,5000
2202104,22021,4,1,1,1,1040321,100,1040322,200,1040323,500,1040324,2000,1040325,5000
2202204,22022,4,1,1,1,2040321,100,2040322,200,2040323,500,2040324,2000,2040325,5000
2202304,22023,4,1,1,1,3040321,100,3040322,200,3040323,500,3040324,2000,3040325,5000
2203104,22031,4,1,1,1,1040331,100,1040332,200,1040333,500,1040334,2000,1040335,5000
2203204,22032,4,1,1,1,2040331,100,2040332,200,2040333,500,2040334,2000,2040335,5000
2203304,22033,4,1,1,1,3040331,100,3040332,200,3040333,500,3040334,2000,3040335,5000
2204104,22041,4,1,1,1,1040341,100,1040342,200,1040343,500,1040344,2000,1040345,5000
2204204,22042,4,1,1,1,2040341,100,2040342,200,2040343,500,2040344,2000,2040345,5000
2204304,22043,4,1,1,1,3040341,100,3040342,200,3040343,500,3040344,2000,3040345,5000
2205104,22051,4,1,1,1,1040351,100,1040352,200,1040353,500,1040354,2000,1040355,5000
2205204,22052,4,1,1,1,2040351,100,2040352,200,2040353,500,2040354,2000,2040355,5000
2205304,22053,4,1,1,1,3040351,100,3040352,200,3040353,500,3040354,2000,3040355,5000
2206104,22061,4,1,1,1,1040361,100,1040362,200,1040363,500,1040364,2000,1040365,5000
2206204,22062,4,1,1,1,2040361,100,2040362,200,2040363,500,2040364,2000,2040365,5000
2206304,22063,4,1,1,1,3040361,100,3040362,200,3040363,500,3040364,2000,3040365,5000
2301104,23011,4,1,1,1,1040371,100,1040372,200,1040373,500,1040374,2000,1040375,5000
2301204,23012,4,1,1,1,2040371,100,2040372,200,2040373,500,2040374,2000,2040375,5000
2301304,23013,4,1,1,1,3040371,100,3040372,200,3040373,500,3040374,2000,3040375,5000
2302104,23021,4,1,1,1,1040381,100,1040382,200,1040383,500,1040384,2000,1040385,5000
2302204,23022,4,1,1,1,2040381,100,2040382,200,2040383,500,2040384,2000,2040385,5000
2302304,23023,4,1,1,1,3040381,100,3040382,200,3040383,500,3040384,2000,3040385,5000
2303104,23031,4,1,1,1,1040391,100,1040392,200,1040393,500,1040394,2000,1040395,5000
2303204,23032,4,1,1,1,2040391,100,2040392,200,2040393,500,2040394,2000,2040395,5000
2303304,23033,4,1,1,1,3040391,100,3040392,200,3040393,500,3040394,2000,3040395,5000
2304104,23041,4,1,1,1,1040401,100,1040402,200,1040403,500,1040404,2000,1040405,5000
2304204,23042,4,1,1,1,2040401,100,2040402,200,2040403,500,2040404,2000,2040405,5000
2304304,23043,4,1,1,1,3040401,100,3040402,200,3040403,500,3040404,2000,3040405,5000
2305104,23051,4,1,1,1,1040411,100,1040412,200,1040413,500,1040414,2000,1040415,5000
2305204,23052,4,1,1,1,2040411,100,2040412,200,2040413,500,2040414,2000,2040415,5000
2305304,23053,4,1,1,1,3040411,100,3040412,200,3040413,500,3040414,2000,3040415,5000
2306104,23061,4,1,1,1,1040421,100,1040422,200,1040423,500,1040424,2000,1040425,5000
2306204,23062,4,1,1,1,2040421,100,2040422,200,2040423,500,2040424,2000,2040425,5000
2306304,23063,4,1,1,1,3040421,100,3040422,200,3040423,500,3040424,2000,3040425,5000
2401104,24011,4,1,1,1,1040431,100,1040432,200,1040433,500,1040434,2000,1040435,5000
2401204,24012,4,1,1,1,2040431,100,2040432,200,2040433,500,2040434,2000,2040435,5000
2401304,24013,4,1,1,1,3040431,100,3040432,200,3040433,500,3040434,2000,3040435,5000
2402104,24021,4,1,1,1,1040441,100,1040442,200,1040443,500,1040444,2000,1040445,5000
2402204,24022,4,1,1,1,2040441,100,2040442,200,2040443,500,2040444,2000,2040445,5000
2402304,24023,4,1,1,1,3040441,100,3040442,200,3040443,500,3040444,2000,3040445,5000
2403104,24031,4,1,1,1,1040451,100,1040452,200,1040453,500,1040454,2000,1040455,5000
2403204,24032,4,1,1,1,2040451,100,2040452,200,2040453,500,2040454,2000,2040455,5000
2403304,24033,4,1,1,1,3040451,100,3040452,200,3040453,500,3040454,2000,3040455,5000
2404104,24041,4,1,1,1,1040461,100,1040462,200,1040463,500,1040464,2000,1040465,5000
2404204,24042,4,1,1,1,2040461,100,2040462,200,2040463,500,2040464,2000,2040465,5000
2404304,24043,4,1,1,1,3040461,100,3040462,200,3040463,500,3040464,2000,3040465,5000
2405104,24051,4,1,1,1,1040471,100,1040472,200,1040473,500,1040474,2000,1040475,5000
2405204,24052,4,1,1,1,2040471,100,2040472,200,2040473,500,2040474,2000,2040475,5000
2405304,24053,4,1,1,1,3040471,100,3040472,200,3040473,500,3040474,2000,3040475,5000
2406104,24061,4,1,1,1,1040481,100,1040482,200,1040483,500,1040484,2000,1040485,5000
2406204,24062,4,1,1,1,2040481,100,2040482,200,2040483,500,2040484,2000,2040485,5000
2406304,24063,4,1,1,1,3040481,100,3040482,200,3040483,500,3040484,2000,3040485,5000
1101107,11011,7,1,1,1,1070011,100,1070012,200,1070013,500,1070014,2000,1070015,5000
1101207,11012,7,1,1,1,2070011,100,2070012,200,2070013,500,2070014,2000,2070015,5000
1101307,11013,7,1,1,1,3070011,100,3070012,200,3070013,500,3070014,2000,3070015,5000
1102107,11021,7,1,1,1,1070021,100,1070022,200,1070023,500,1070024,2000,1070025,5000
1102207,11022,7,1,1,1,2070021,100,2070022,200,2070023,500,2070024,2000,2070025,5000
1102307,11023,7,1,1,1,3070021,100,3070022,200,3070023,500,3070024,2000,3070025,5000
1103107,11031,7,1,1,1,1070031,100,1070032,200,1070033,500,1070034,2000,1070035,5000
1103207,11032,7,1,1,1,2070031,100,2070032,200,2070033,500,2070034,2000,2070035,5000
1103307,11033,7,1,1,1,3070031,100,3070032,200,3070033,500,3070034,2000,3070035,5000
1104107,11041,7,1,1,1,1070041,100,1070042,200,1070043,500,1070044,2000,1070045,5000
1104207,11042,7,1,1,1,2070041,100,2070042,200,2070043,500,2070044,2000,2070045,5000
1104307,11043,7,1,1,1,3070041,100,3070042,200,3070043,500,3070044,2000,3070045,5000
1105107,11051,7,1,1,1,1070051,100,1070052,200,1070053,500,1070054,2000,1070055,5000
1105207,11052,7,1,1,1,2070051,100,2070052,200,2070053,500,2070054,2000,2070055,5000
1105307,11053,7,1,1,1,3070051,100,3070052,200,3070053,500,3070054,2000,3070055,5000
1106107,11061,7,1,1,1,1070061,100,1070062,200,1070063,500,1070064,2000,1070065,5000
1106207,11062,7,1,1,1,2070061,100,2070062,200,2070063,500,2070064,2000,2070065,5000
1106307,11063,7,1,1,1,3070061,100,3070062,200,3070063,500,3070064,2000,3070065,5000
1201107,12011,7,1,1,1,1070071,100,1070072,200,1070073,500,1070074,2000,1070075,5000
1201207,12012,7,1,1,1,2070071,100,2070072,200,2070073,500,2070074,2000,2070075,5000
1201307,12013,7,1,1,1,3070071,100,3070072,200,3070073,500,3070074,2000,3070075,5000
1202107,12021,7,1,1,1,1070081,100,1070082,200,1070083,500,1070084,2000,1070085,5000
1202207,12022,7,1,1,1,2070081,100,2070082,200,2070083,500,2070084,2000,2070085,5000
1202307,12023,7,1,1,1,3070081,100,3070082,200,3070083,500,3070084,2000,3070085,5000
1203107,12031,7,1,1,1,1070091,100,1070092,200,1070093,500,1070094,2000,1070095,5000
1203207,12032,7,1,1,1,2070091,100,2070092,200,2070093,500,2070094,2000,2070095,5000
1203307,12033,7,1,1,1,3070091,100,3070092,200,3070093,500,3070094,2000,3070095,5000
1204107,12041,7,1,1,1,1070101,100,1070102,200,1070103,500,1070104,2000,1070105,5000
1204207,12042,7,1,1,1,2070101,100,2070102,200,2070103,500,2070104,2000,2070105,5000
1204307,12043,7,1,1,1,3070101,100,3070102,200,3070103,500,3070104,2000,3070105,5000
1205107,12051,7,1,1,1,1070111,100,1070112,200,1070113,500,1070114,2000,1070115,5000
1205207,12052,7,1,1,1,2070111,100,2070112,200,2070113,500,2070114,2000,2070115,5000
1205307,12053,7,1,1,1,3070111,100,3070112,200,3070113,500,3070114,2000,3070115,5000
1206107,12061,7,1,1,1,1070121,100,1070122,200,1070123,500,1070124,2000,1070125,5000
1206207,12062,7,1,1,1,2070121,100,2070122,200,2070123,500,2070124,2000,2070125,5000
1206307,12063,7,1,1,1,3070121,100,3070122,200,3070123,500,3070124,2000,3070125,5000
1301107,13011,7,1,1,1,1070131,100,1070132,200,1070133,500,1070134,2000,1070135,5000
1301207,13012,7,1,1,1,2070131,100,2070132,200,2070133,500,2070134,2000,2070135,5000
1301307,13013,7,1,1,1,3070131,100,3070132,200,3070133,500,3070134,2000,3070135,5000
1302107,13021,7,1,1,1,1070141,100,1070142,200,1070143,500,1070144,2000,1070145,5000
1302207,13022,7,1,1,1,2070141,100,2070142,200,2070143,500,2070144,2000,2070145,5000
1302307,13023,7,1,1,1,3070141,100,3070142,200,3070143,500,3070144,2000,3070145,5000
1303107,13031,7,1,1,1,1070151,100,1070152,200,1070153,500,1070154,2000,1070155,5000
1303207,13032,7,1,1,1,2070151,100,2070152,200,2070153,500,2070154,2000,2070155,5000
1303307,13033,7,1,1,1,3070151,100,3070152,200,3070153,500,3070154,2000,3070155,5000
1304107,13041,7,1,1,1,1070161,100,1070162,200,1070163,500,1070164,2000,1070165,5000
1304207,13042,7,1,1,1,2070161,100,2070162,200,2070163,500,2070164,2000,2070165,5000
1304307,13043,7,1,1,1,3070161,100,3070162,200,3070163,500,3070164,2000,3070165,5000
1305107,13051,7,1,1,1,1070171,100,1070172,200,1070173,500,1070174,2000,1070175,5000
1305207,13052,7,1,1,1,2070171,100,2070172,200,2070173,500,2070174,2000,2070175,5000
1305307,13053,7,1,1,1,3070171,100,3070172,200,3070173,500,3070174,2000,3070175,5000
1306107,13061,7,1,1,1,1070181,100,1070182,200,1070183,500,1070184,2000,1070185,5000
1306207,13062,7,1,1,1,2070181,100,2070182,200,2070183,500,2070184,2000,2070185,5000
1306307,13063,7,1,1,1,3070181,100,3070182,200,3070183,500,3070184,2000,3070185,5000
1401107,14011,7,1,1,1,1070191,100,1070192,200,1070193,500,1070194,2000,1070195,5000
1401207,14012,7,1,1,1,2070191,100,2070192,200,2070193,500,2070194,2000,2070195,5000
1401307,14013,7,1,1,1,3070191,100,3070192,200,3070193,500,3070194,2000,3070195,5000
1402107,14021,7,1,1,1,1070201,100,1070202,200,1070203,500,1070204,2000,1070205,5000
1402207,14022,7,1,1,1,2070201,100,2070202,200,2070203,500,2070204,2000,2070205,5000
1402307,14023,7,1,1,1,3070201,100,3070202,200,3070203,500,3070204,2000,3070205,5000
1403107,14031,7,1,1,1,1070211,100,1070212,200,1070213,500,1070214,2000,1070215,5000
1403207,14032,7,1,1,1,2070211,100,2070212,200,2070213,500,2070214,2000,2070215,5000
1403307,14033,7,1,1,1,3070211,100,3070212,200,3070213,500,3070214,2000,3070215,5000
1404107,14041,7,1,1,1,1070221,100,1070222,200,1070223,500,1070224,2000,1070225,5000
1404207,14042,7,1,1,1,2070221,100,2070222,200,2070223,500,2070224,2000,2070225,5000
1404307,14043,7,1,1,1,3070221,100,3070222,200,3070223,500,3070224,2000,3070225,5000
1405107,14051,7,1,1,1,1070231,100,1070232,200,1070233,500,1070234,2000,1070235,5000
1405207,14052,7,1,1,1,2070231,100,2070232,200,2070233,500,2070234,2000,2070235,5000
1405307,14053,7,1,1,1,3070231,100,3070232,200,3070233,500,3070234,2000,3070235,5000
1406107,14061,7,1,1,1,1070241,100,1070242,200,1070243,500,1070244,2000,1070245,5000
1406207,14062,7,1,1,1,2070241,100,2070242,200,2070243,500,2070244,2000,2070245,5000
1406307,14063,7,1,1,1,3070241,100,3070242,200,3070243,500,3070244,2000,3070245,5000
2101107,21011,7,1,1,1,1070251,100,1070252,200,1070253,500,1070254,2000,1070255,5000
2101207,21012,7,1,1,1,2070251,100,2070252,200,2070253,500,2070254,2000,2070255,5000
2101307,21013,7,1,1,1,3070251,100,3070252,200,3070253,500,3070254,2000,3070255,5000
2102107,21021,7,1,1,1,1070261,100,1070262,200,1070263,500,1070264,2000,1070265,5000
2102207,21022,7,1,1,1,2070261,100,2070262,200,2070263,500,2070264,2000,2070265,5000
2102307,21023,7,1,1,1,3070261,100,3070262,200,3070263,500,3070264,2000,3070265,5000
2103107,21031,7,1,1,1,1070271,100,1070272,200,1070273,500,1070274,2000,1070275,5000
2103207,21032,7,1,1,1,2070271,100,2070272,200,2070273,500,2070274,2000,2070275,5000
2103307,21033,7,1,1,1,3070271,100,3070272,200,3070273,500,3070274,2000,3070275,5000
2104107,21041,7,1,1,1,1070281,100,1070282,200,1070283,500,1070284,2000,1070285,5000
2104207,21042,7,1,1,1,2070281,100,2070282,200,2070283,500,2070284,2000,2070285,5000
2104307,21043,7,1,1,1,3070281,100,3070282,200,3070283,500,3070284,2000,3070285,5000
2105107,21051,7,1,1,1,1070291,100,1070292,200,1070293,500,1070294,2000,1070295,5000
2105207,21052,7,1,1,1,2070291,100,2070292,200,2070293,500,2070294,2000,2070295,5000
2105307,21053,7,1,1,1,3070291,100,3070292,200,3070293,500,3070294,2000,3070295,5000
2106107,21061,7,1,1,1,1070301,100,1070302,200,1070303,500,1070304,2000,1070305,5000
2106207,21062,7,1,1,1,2070301,100,2070302,200,2070303,500,2070304,2000,2070305,5000
2106307,21063,7,1,1,1,3070301,100,3070302,200,3070303,500,3070304,2000,3070305,5000
2201107,22011,7,1,1,1,1070311,100,1070312,200,1070313,500,1070314,2000,1070315,5000
2201207,22012,7,1,1,1,2070311,100,2070312,200,2070313,500,2070314,2000,2070315,5000
2201307,22013,7,1,1,1,3070311,100,3070312,200,3070313,500,3070314,2000,3070315,5000
2202107,22021,7,1,1,1,1070321,100,1070322,200,1070323,500,1070324,2000,1070325,5000
2202207,22022,7,1,1,1,2070321,100,2070322,200,2070323,500,2070324,2000,2070325,5000
2202307,22023,7,1,1,1,3070321,100,3070322,200,3070323,500,3070324,2000,3070325,5000
2203107,22031,7,1,1,1,1070331,100,1070332,200,1070333,500,1070334,2000,1070335,5000
2203207,22032,7,1,1,1,2070331,100,2070332,200,2070333,500,2070334,2000,2070335,5000
2203307,22033,7,1,1,1,3070331,100,3070332,200,3070333,500,3070334,2000,3070335,5000
2204107,22041,7,1,1,1,1070341,100,1070342,200,1070343,500,1070344,2000,1070345,5000
2204207,22042,7,1,1,1,2070341,100,2070342,200,2070343,500,2070344,2000,2070345,5000
2204307,22043,7,1,1,1,3070341,100,3070342,200,3070343,500,3070344,2000,3070345,5000
2205107,22051,7,1,1,1,1070351,100,1070352,200,1070353,500,1070354,2000,1070355,5000
2205207,22052,7,1,1,1,2070351,100,2070352,200,2070353,500,2070354,2000,2070355,5000
2205307,22053,7,1,1,1,3070351,100,3070352,200,3070353,500,3070354,2000,3070355,5000
2206107,22061,7,1,1,1,1070361,100,1070362,200,1070363,500,1070364,2000,1070365,5000
2206207,22062,7,1,1,1,2070361,100,2070362,200,2070363,500,2070364,2000,2070365,5000
2206307,22063,7,1,1,1,3070361,100,3070362,200,3070363,500,3070364,2000,3070365,5000
2301107,23011,7,1,1,1,1070371,100,1070372,200,1070373,500,1070374,2000,1070375,5000
2301207,23012,7,1,1,1,2070371,100,2070372,200,2070373,500,2070374,2000,2070375,5000
2301307,23013,7,1,1,1,3070371,100,3070372,200,3070373,500,3070374,2000,3070375,5000
2302107,23021,7,1,1,1,1070381,100,1070382,200,1070383,500,1070384,2000,1070385,5000
2302207,23022,7,1,1,1,2070381,100,2070382,200,2070383,500,2070384,2000,2070385,5000
2302307,23023,7,1,1,1,3070381,100,3070382,200,3070383,500,3070384,2000,3070385,5000
2303107,23031,7,1,1,1,1070391,100,1070392,200,1070393,500,1070394,2000,1070395,5000
2303207,23032,7,1,1,1,2070391,100,2070392,200,2070393,500,2070394,2000,2070395,5000
2303307,23033,7,1,1,1,3070391,100,3070392,200,3070393,500,3070394,2000,3070395,5000
2304107,23041,7,1,1,1,1070401,100,1070402,200,1070403,500,1070404,2000,1070405,5000
2304207,23042,7,1,1,1,2070401,100,2070402,200,2070403,500,2070404,2000,2070405,5000
2304307,23043,7,1,1,1,3070401,100,3070402,200,3070403,500,3070404,2000,3070405,5000
2305107,23051,7,1,1,1,1070411,100,1070412,200,1070413,500,1070414,2000,1070415,5000
2305207,23052,7,1,1,1,2070411,100,2070412,200,2070413,500,2070414,2000,2070415,5000
2305307,23053,7,1,1,1,3070411,100,3070412,200,3070413,500,3070414,2000,3070415,5000
2306107,23061,7,1,1,1,1070421,100,1070422,200,1070423,500,1070424,2000,1070425,5000
2306207,23062,7,1,1,1,2070421,100,2070422,200,2070423,500,2070424,2000,2070425,5000
2306307,23063,7,1,1,1,3070421,100,3070422,200,3070423,500,3070424,2000,3070425,5000
2401107,24011,7,1,1,1,1070431,100,1070432,200,1070433,500,1070434,2000,1070435,5000
2401207,24012,7,1,1,1,2070431,100,2070432,200,2070433,500,2070434,2000,2070435,5000
2401307,24013,7,1,1,1,3070431,100,3070432,200,3070433,500,3070434,2000,3070435,5000
2402107,24021,7,1,1,1,1070441,100,1070442,200,1070443,500,1070444,2000,1070445,5000
2402207,24022,7,1,1,1,2070441,100,2070442,200,2070443,500,2070444,2000,2070445,5000
2402307,24023,7,1,1,1,3070441,100,3070442,200,3070443,500,3070444,2000,3070445,5000
2403107,24031,7,1,1,1,1070451,100,1070452,200,1070453,500,1070454,2000,1070455,5000
2403207,24032,7,1,1,1,2070451,100,2070452,200,2070453,500,2070454,2000,2070455,5000
2403307,24033,7,1,1,1,3070451,100,3070452,200,3070453,500,3070454,2000,3070455,5000
2404107,24041,7,1,1,1,1070461,100,1070462,200,1070463,500,1070464,2000,1070465,5000
2404207,24042,7,1,1,1,2070461,100,2070462,200,2070463,500,2070464,2000,2070465,5000
2404307,24043,7,1,1,1,3070461,100,3070462,200,3070463,500,3070464,2000,3070465,5000
2405107,24051,7,1,1,1,1070471,100,1070472,200,1070473,500,1070474,2000,1070475,5000
2405207,24052,7,1,1,1,2070471,100,2070472,200,2070473,500,2070474,2000,2070475,5000
2405307,24053,7,1,1,1,3070471,100,3070472,200,3070473,500,3070474,2000,3070475,5000
2406107,24061,7,1,1,1,1070481,100,1070482,200,1070483,500,1070484,2000,1070485,5000
2406207,24062,7,1,1,1,2070481,100,2070482,200,2070483,500,2070484,2000,2070485,5000
2406307,24063,7,1,1,1,3070481,100,3070482,200,3070483,500,3070484,2000,3070485,5000
1101110,11011,10,1,1,1,1100011,100,1100012,200,1100013,500,1100014,2000,1100015,5000
1101210,11012,10,1,1,1,2100011,100,2100012,200,2100013,500,2100014,2000,2100015,5000
1101310,11013,10,1,1,1,3100011,100,3100012,200,3100013,500,3100014,2000,3100015,5000
1102110,11021,10,1,1,1,1100021,100,1100022,200,1100023,500,1100024,2000,1100025,5000
1102210,11022,10,1,1,1,2100021,100,2100022,200,2100023,500,2100024,2000,2100025,5000
1102310,11023,10,1,1,1,3100021,100,3100022,200,3100023,500,3100024,2000,3100025,5000
1103110,11031,10,1,1,1,1100031,100,1100032,200,1100033,500,1100034,2000,1100035,5000
1103210,11032,10,1,1,1,2100031,100,2100032,200,2100033,500,2100034,2000,2100035,5000
1103310,11033,10,1,1,1,3100031,100,3100032,200,3100033,500,3100034,2000,3100035,5000
1104110,11041,10,1,1,1,1100041,100,1100042,200,1100043,500,1100044,2000,1100045,5000
1104210,11042,10,1,1,1,2100041,100,2100042,200,2100043,500,2100044,2000,2100045,5000
1104310,11043,10,1,1,1,3100041,100,3100042,200,3100043,500,3100044,2000,3100045,5000
1105110,11051,10,1,1,1,1100051,100,1100052,200,1100053,500,1100054,2000,1100055,5000
1105210,11052,10,1,1,1,2100051,100,2100052,200,2100053,500,2100054,2000,2100055,5000
1105310,11053,10,1,1,1,3100051,100,3100052,200,3100053,500,3100054,2000,3100055,5000
1106110,11061,10,1,1,1,1100061,100,1100062,200,1100063,500,1100064,2000,1100065,5000
1106210,11062,10,1,1,1,2100061,100,2100062,200,2100063,500,2100064,2000,2100065,5000
1106310,11063,10,1,1,1,3100061,100,3100062,200,3100063,500,3100064,2000,3100065,5000
1201110,12011,10,1,1,1,1100071,100,1100072,200,1100073,500,1100074,2000,1100075,5000
1201210,12012,10,1,1,1,2100071,100,2100072,200,2100073,500,2100074,2000,2100075,5000
1201310,12013,10,1,1,1,3100071,100,3100072,200,3100073,500,3100074,2000,3100075,5000
1202110,12021,10,1,1,1,1100081,100,1100082,200,1100083,500,1100084,2000,1100085,5000
1202210,12022,10,1,1,1,2100081,100,2100082,200,2100083,500,2100084,2000,2100085,5000
1202310,12023,10,1,1,1,3100081,100,3100082,200,3100083,500,3100084,2000,3100085,5000
1203110,12031,10,1,1,1,1100091,100,1100092,200,1100093,500,1100094,2000,1100095,5000
1203210,12032,10,1,1,1,2100091,100,2100092,200,2100093,500,2100094,2000,2100095,5000
1203310,12033,10,1,1,1,3100091,100,3100092,200,3100093,500,3100094,2000,3100095,5000
1204110,12041,10,1,1,1,1100101,100,1100102,200,1100103,500,1100104,2000,1100105,5000
1204210,12042,10,1,1,1,2100101,100,2100102,200,2100103,500,2100104,2000,2100105,5000
1204310,12043,10,1,1,1,3100101,100,3100102,200,3100103,500,3100104,2000,3100105,5000
1205110,12051,10,1,1,1,1100111,100,1100112,200,1100113,500,1100114,2000,1100115,5000
1205210,12052,10,1,1,1,2100111,100,2100112,200,2100113,500,2100114,2000,2100115,5000
1205310,12053,10,1,1,1,3100111,100,3100112,200,3100113,500,3100114,2000,3100115,5000
1206110,12061,10,1,1,1,1100121,100,1100122,200,1100123,500,1100124,2000,1100125,5000
1206210,12062,10,1,1,1,2100121,100,2100122,200,2100123,500,2100124,2000,2100125,5000
1206310,12063,10,1,1,1,3100121,100,3100122,200,3100123,500,3100124,2000,3100125,5000
1301110,13011,10,1,1,1,1100131,100,1100132,200,1100133,500,1100134,2000,1100135,5000
1301210,13012,10,1,1,1,2100131,100,2100132,200,2100133,500,2100134,2000,2100135,5000
1301310,13013,10,1,1,1,3100131,100,3100132,200,3100133,500,3100134,2000,3100135,5000
1302110,13021,10,1,1,1,1100141,100,1100142,200,1100143,500,1100144,2000,1100145,5000
1302210,13022,10,1,1,1,2100141,100,2100142,200,2100143,500,2100144,2000,2100145,5000
1302310,13023,10,1,1,1,3100141,100,3100142,200,3100143,500,3100144,2000,3100145,5000
1303110,13031,10,1,1,1,1100151,100,1100152,200,1100153,500,1100154,2000,1100155,5000
1303210,13032,10,1,1,1,2100151,100,2100152,200,2100153,500,2100154,2000,2100155,5000
1303310,13033,10,1,1,1,3100151,100,3100152,200,3100153,500,3100154,2000,3100155,5000
1304110,13041,10,1,1,1,1100161,100,1100162,200,1100163,500,1100164,2000,1100165,5000
1304210,13042,10,1,1,1,2100161,100,2100162,200,2100163,500,2100164,2000,2100165,5000
1304310,13043,10,1,1,1,3100161,100,3100162,200,3100163,500,3100164,2000,3100165,5000
1305110,13051,10,1,1,1,1100171,100,1100172,200,1100173,500,1100174,2000,1100175,5000
1305210,13052,10,1,1,1,2100171,100,2100172,200,2100173,500,2100174,2000,2100175,5000
1305310,13053,10,1,1,1,3100171,100,3100172,200,3100173,500,3100174,2000,3100175,5000
1306110,13061,10,1,1,1,1100181,100,1100182,200,1100183,500,1100184,2000,1100185,5000
1306210,13062,10,1,1,1,2100181,100,2100182,200,2100183,500,2100184,2000,2100185,5000
1306310,13063,10,1,1,1,3100181,100,3100182,200,3100183,500,3100184,2000,3100185,5000
1401110,14011,10,1,1,1,1100191,100,1100192,200,1100193,500,1100194,2000,1100195,5000
1401210,14012,10,1,1,1,2100191,100,2100192,200,2100193,500,2100194,2000,2100195,5000
1401310,14013,10,1,1,1,3100191,100,3100192,200,3100193,500,3100194,2000,3100195,5000
1402110,14021,10,1,1,1,1100201,100,1100202,200,1100203,500,1100204,2000,1100205,5000
1402210,14022,10,1,1,1,2100201,100,2100202,200,2100203,500,2100204,2000,2100205,5000
1402310,14023,10,1,1,1,3100201,100,3100202,200,3100203,500,3100204,2000,3100205,5000
1403110,14031,10,1,1,1,1100211,100,1100212,200,1100213,500,1100214,2000,1100215,5000
1403210,14032,10,1,1,1,2100211,100,2100212,200,2100213,500,2100214,2000,2100215,5000
1403310,14033,10,1,1,1,3100211,100,3100212,200,3100213,500,3100214,2000,3100215,5000
1404110,14041,10,1,1,1,1100221,100,1100222,200,1100223,500,1100224,2000,1100225,5000
1404210,14042,10,1,1,1,2100221,100,2100222,200,2100223,500,2100224,2000,2100225,5000
1404310,14043,10,1,1,1,3100221,100,3100222,200,3100223,500,3100224,2000,3100225,5000
1405110,14051,10,1,1,1,1100231,100,1100232,200,1100233,500,1100234,2000,1100235,5000
1405210,14052,10,1,1,1,2100231,100,2100232,200,2100233,500,2100234,2000,2100235,5000
1405310,14053,10,1,1,1,3100231,100,3100232,200,3100233,500,3100234,2000,3100235,5000
1406110,14061,10,1,1,1,1100241,100,1100242,200,1100243,500,1100244,2000,1100245,5000
1406210,14062,10,1,1,1,2100241,100,2100242,200,2100243,500,2100244,2000,2100245,5000
1406310,14063,10,1,1,1,3100241,100,3100242,200,3100243,500,3100244,2000,3100245,5000
2101110,21011,10,1,1,1,1100251,100,1100252,200,1100253,500,1100254,2000,1100255,5000
2101210,21012,10,1,1,1,2100251,100,2100252,200,2100253,500,2100254,2000,2100255,5000
2101310,21013,10,1,1,1,3100251,100,3100252,200,3100253,500,3100254,2000,3100255,5000
2102110,21021,10,1,1,1,1100261,100,1100262,200,1100263,500,1100264,2000,1100265,5000
2102210,21022,10,1,1,1,2100261,100,2100262,200,2100263,500,2100264,2000,2100265,5000
2102310,21023,10,1,1,1,3100261,100,3100262,200,3100263,500,3100264,2000,3100265,5000
2103110,21031,10,1,1,1,1100271,100,1100272,200,1100273,500,1100274,2000,1100275,5000
2103210,21032,10,1,1,1,2100271,100,2100272,200,2100273,500,2100274,2000,2100275,5000
2103310,21033,10,1,1,1,3100271,100,3100272,200,3100273,500,3100274,2000,3100275,5000
2104110,21041,10,1,1,1,1100281,100,1100282,200,1100283,500,1100284,2000,1100285,5000
2104210,21042,10,1,1,1,2100281,100,2100282,200,2100283,500,2100284,2000,2100285,5000
2104310,21043,10,1,1,1,3100281,100,3100282,200,3100283,500,3100284,2000,3100285,5000
2105110,21051,10,1,1,1,1100291,100,1100292,200,1100293,500,1100294,2000,1100295,5000
2105210,21052,10,1,1,1,2100291,100,2100292,200,2100293,500,2100294,2000,2100295,5000
2105310,21053,10,1,1,1,3100291,100,3100292,200,3100293,500,3100294,2000,3100295,5000
2106110,21061,10,1,1,1,1100301,100,1100302,200,1100303,500,1100304,2000,1100305,5000
2106210,21062,10,1,1,1,2100301,100,2100302,200,2100303,500,2100304,2000,2100305,5000
2106310,21063,10,1,1,1,3100301,100,3100302,200,3100303,500,3100304,2000,3100305,5000
2201110,22011,10,1,1,1,1100311,100,1100312,200,1100313,500,1100314,2000,1100315,5000
2201210,22012,10,1,1,1,2100311,100,2100312,200,2100313,500,2100314,2000,2100315,5000
2201310,22013,10,1,1,1,3100311,100,3100312,200,3100313,500,3100314,2000,3100315,5000
2202110,22021,10,1,1,1,1100321,100,1100322,200,1100323,500,1100324,2000,1100325,5000
2202210,22022,10,1,1,1,2100321,100,2100322,200,2100323,500,2100324,2000,2100325,5000
2202310,22023,10,1,1,1,3100321,100,3100322,200,3100323,500,3100324,2000,3100325,5000
2203110,22031,10,1,1,1,1100331,100,1100332,200,1100333,500,1100334,2000,1100335,5000
2203210,22032,10,1,1,1,2100331,100,2100332,200,2100333,500,2100334,2000,2100335,5000
2203310,22033,10,1,1,1,3100331,100,3100332,200,3100333,500,3100334,2000,3100335,5000
2204110,22041,10,1,1,1,1100341,100,1100342,200,1100343,500,1100344,2000,1100345,5000
2204210,22042,10,1,1,1,2100341,100,2100342,200,2100343,500,2100344,2000,2100345,5000
2204310,22043,10,1,1,1,3100341,100,3100342,200,3100343,500,3100344,2000,3100345,5000
2205110,22051,10,1,1,1,1100351,100,1100352,200,1100353,500,1100354,2000,1100355,5000
2205210,22052,10,1,1,1,2100351,100,2100352,200,2100353,500,2100354,2000,2100355,5000
2205310,22053,10,1,1,1,3100351,100,3100352,200,3100353,500,3100354,2000,3100355,5000
2206110,22061,10,1,1,1,1100361,100,1100362,200,1100363,500,1100364,2000,1100365,5000
2206210,22062,10,1,1,1,2100361,100,2100362,200,2100363,500,2100364,2000,2100365,5000
2206310,22063,10,1,1,1,3100361,100,3100362,200,3100363,500,3100364,2000,3100365,5000
2301110,23011,10,1,1,1,1100371,100,1100372,200,1100373,500,1100374,2000,1100375,5000
2301210,23012,10,1,1,1,2100371,100,2100372,200,2100373,500,2100374,2000,2100375,5000
2301310,23013,10,1,1,1,3100371,100,3100372,200,3100373,500,3100374,2000,3100375,5000
2302110,23021,10,1,1,1,1100381,100,1100382,200,1100383,500,1100384,2000,1100385,5000
2302210,23022,10,1,1,1,2100381,100,2100382,200,2100383,500,2100384,2000,2100385,5000
2302310,23023,10,1,1,1,3100381,100,3100382,200,3100383,500,3100384,2000,3100385,5000
2303110,23031,10,1,1,1,1100391,100,1100392,200,1100393,500,1100394,2000,1100395,5000
2303210,23032,10,1,1,1,2100391,100,2100392,200,2100393,500,2100394,2000,2100395,5000
2303310,23033,10,1,1,1,3100391,100,3100392,200,3100393,500,3100394,2000,3100395,5000
2304110,23041,10,1,1,1,1100401,100,1100402,200,1100403,500,1100404,2000,1100405,5000
2304210,23042,10,1,1,1,2100401,100,2100402,200,2100403,500,2100404,2000,2100405,5000
2304310,23043,10,1,1,1,3100401,100,3100402,200,3100403,500,3100404,2000,3100405,5000
2305110,23051,10,1,1,1,1100411,100,1100412,200,1100413,500,1100414,2000,1100415,5000
2305210,23052,10,1,1,1,2100411,100,2100412,200,2100413,500,2100414,2000,2100415,5000
2305310,23053,10,1,1,1,3100411,100,3100412,200,3100413,500,3100414,2000,3100415,5000
2306110,23061,10,1,1,1,1100421,100,1100422,200,1100423,500,1100424,2000,1100425,5000
2306210,23062,10,1,1,1,2100421,100,2100422,200,2100423,500,2100424,2000,2100425,5000
2306310,23063,10,1,1,1,3100421,100,3100422,200,3100423,500,3100424,2000,3100425,5000
2401110,24011,10,1,1,1,1100431,100,1100432,200,1100433,500,1100434,2000,1100435,5000
2401210,24012,10,1,1,1,2100431,100,2100432,200,2100433,500,2100434,2000,2100435,5000
2401310,24013,10,1,1,1,3100431,100,3100432,200,3100433,500,3100434,2000,3100435,5000
2402110,24021,10,1,1,1,1100441,100,1100442,200,1100443,500,1100444,2000,1100445,5000
2402210,24022,10,1,1,1,2100441,100,2100442,200,2100443,500,2100444,2000,2100445,5000
2402310,24023,10,1,1,1,3100441,100,3100442,200,3100443,500,3100444,2000,3100445,5000
2403110,24031,10,1,1,1,1100451,100,1100452,200,1100453,500,1100454,2000,1100455,5000
2403210,24032,10,1,1,1,2100451,100,2100452,200,2100453,500,2100454,2000,2100455,5000
2403310,24033,10,1,1,1,3100451,100,3100452,200,3100453,500,3100454,2000,3100455,5000
2404110,24041,10,1,1,1,1100461,100,1100462,200,1100463,500,1100464,2000,1100465,5000
2404210,24042,10,1,1,1,2100461,100,2100462,200,2100463,500,2100464,2000,2100465,5000
2404310,24043,10,1,1,1,3100461,100,3100462,200,3100463,500,3100464,2000,3100465,5000
2405110,24051,10,1,1,1,1100471,100,1100472,200,1100473,500,1100474,2000,1100475,5000
2405210,24052,10,1,1,1,2100471,100,2100472,200,2100473,500,2100474,2000,2100475,5000
2405310,24053,10,1,1,1,3100471,100,3100472,200,3100473,500,3100474,2000,3100475,5000
2406110,24061,10,1,1,1,1100481,100,1100482,200,1100483,500,1100484,2000,1100485,5000
2406210,24062,10,1,1,1,2100481,100,2100482,200,2100483,500,2100484,2000,2100485,5000
2406310,24063,10,1,1,1,3100481,100,3100482,200,3100483,500,3100484,2000,3100485,5000
10010101,100101,1,1,1,1,10911,100,19102,200,19103,500,19104,2000,19105,5000
10010104,100101,4,1,1,1,40911,100,49102,200,49103,500,49104,2000,49105,5000
10010107,100101,7,1,1,1,70911,100,79102,200,79103,500,79104,2000,79105,5000
10010110,100101,10,1,1,1,100911,100,109102,200,109103,500,109104,2000,109105,5000
10010201,100102,1,1,1,1,10921,100,19202,200,19203,500,19204,2000,19205,5000
10010204,100102,4,1,1,1,40921,100,49202,200,49203,500,49204,2000,49205,5000
10010207,100102,7,1,1,1,70921,100,79202,200,79203,500,79204,2000,79205,5000
10010210,100102,10,1,1,1,100921,100,109202,200,109203,500,109204,2000,109205,5000
10020101,100201,1,1,1,1,10931,100,19302,200,19303,500,19304,2000,19305,5000
10020104,100201,4,1,1,1,40931,100,49302,200,49303,500,49304,2000,49305,5000
10020107,100201,7,1,1,1,70931,100,79302,200,79303,500,79304,2000,79305,5000
10020110,100201,10,1,1,1,100931,100,109302,200,109303,500,109304,2000,109305,5000
10030101,100301,1,1,1,1,10941,100,19402,200,19403,500,19404,2000,19405,5000
10030104,100301,4,1,1,1,40941,100,49402,200,49403,500,49404,2000,49405,5000
10030107,100301,7,1,1,1,70941,100,79402,200,79403,500,79404,2000,79405,5000
10030110,100301,10,1,1,1,100941,100,109402,200,109403,500,109404,2000,109405,5000
10040101,100401,1,1,1,1,10951,100,19502,200,19503,500,19504,2000,19505,5000
10040104,100401,4,1,1,1,40951,100,49502,200,49503,500,49504,2000,49505,5000
10040107,100401,7,1,1,1,70951,100,79502,200,79503,500,79504,2000,79505,5000
10040110,100401,10,1,1,1,100951,100,109502,200,109503,500,109504,2000,109505,5000
