Index,Job,Level,Exp,Property.Str,Property.Int,Property.Dex,Property.Sta,Property.Fai,Property.MaxHP,Property.MaxSP,Property.HPTick,Property.SPTick,Property.AtkDmgMin,Property.AtkDmgMax,Property.Def,Property.IceAtt,Property.FireAtt,Property.PoisonAtt,Property.ThunderAtt,Property.IceDef,Property.FireDef,Property.PoisonDef,Property.ThunderDef,Property.Pierce,Property.Hit,Property.Dodge,Property.Cri,Property.Flex,Property.CriDmg,Property.CriDmgDef,Property.BodySize,Property.AttSize,Property.AttSpeedModPer,Property.MoveSpeedModPer,Property.PiercePer,Property.HitPer,Property.DodgePer,Property.CriPer,Property.FlexPer,Property.AttSpeed,Property.MoveSpeed,Property.MaxEP,Property.MaxAP,Property.ExpPer,Property.MoneyPer,SkillPoint
10001,1,1,60,11,0,0,18,0,199,1000,0,0,28,28,13,0,0,0,0,0,0,0,0,0,1000,100,200,100,15000,1500,0,0,0,0,0,0,0,0,0,238,5000,50,10,0,0,0
10002,1,2,103,12,0,0,19,0,197,1000,0,0,29,29,16,0,0,0,0,0,0,0,0,0,1000,100,200,100,15000,1500,0,0,0,0,0,0,0,0,0,238,5000,50,10,0,0,1
10003,1,3,148,13,0,0,20,0,201,1000,0,0,31,31,20,0,0,0,0,0,0,0,0,0,1000,100,200,100,15000,1500,0,0,0,0,0,0,0,0,0,238,5000,50,10,0,0,1
10004,1,4,196,14,0,0,21,0,211,1000,0,0,32,32,24,0,0,0,0,0,0,0,0,0,1000,100,200,100,15000,1500,0,0,0,0,0,0,0,0,0,238,5000,50,10,0,0,1
10005,1,5,247,15,0,0,22,0,227,1000,0,0,33,33,29,0,0,0,0,0,0,0,0,0,1000,100,200,100,15000,1500,0,0,0,0,0,0,0,0,0,238,5000,50,10,0,0,1
10006,1,6,315,16,0,0,23,0,248,1000,0,0,34,34,34,0,0,0,0,0,0,0,0,0,1000,100,200,100,15000,1500,0,0,0,0,0,0,0,0,0,238,5000,50,10,0,0,1
10007,1,7,387,18,0,0,25,0,265,1000,0,0,36,36,39,0,0,0,0,0,0,0,0,0,1000,100,200,100,15000,1500,0,0,0,0,0,0,0,0,0,238,5000,50,10,0,0,1
10008,1,8,464,19,0,0,27,0,288,1000,0,0,41,41,44,0,0,0,0,0,0,0,0,0,1000,100,200,100,15000,1500,0,0,0,0,0,0,0,0,0,238,5000,50,10,0,0,1
10009,1,9,546,21,0,0,30,0,307,1000,0,0,43,43,49,0,0,0,0,0,0,0,0,0,1000,100,200,100,15000,1500,0,0,0,0,0,0,0,0,0,238,5000,50,10,0,0,1
10010,1,10,633,23,0,0,33,0,331,1000,0,0,47,47,55,0,0,0,0,0,0,0,0,0,1000,100,200,100,15000,1500,0,0,0,0,0,0,0,0,0,238,5000,50,10,0,0,1
10011,1,11,726,25,0,0,36,0,361,1000,0,0,51,51,60,0,0,0,0,0,0,0,0,0,1000,100,200,100,15000,1500,0,0,0,0,0,0,0,0,0,238,5000,50,10,0,0,2
10012,1,12,834,27,0,0,39,0,396,1000,0,0,57,57,66,0,0,0,0,0,0,0,0,0,1000,100,200,100,15000,1500,0,0,0,0,0,0,0,0,0,238,5000,50,10,0,0,2
10013,1,13,948,30,0,0,42,0,437,1000,0,0,60,60,72,0,0,0,0,0,0,0,0,0,1000,100,200,100,15000,1500,0,0,0,0,0,0,0,0,0,238,5000,50,10,0,0,2
10014,1,14,1068,32,0,0,46,0,474,1000,0,0,68,68,78,0,0,0,0,0,0,0,0,0,1000,100,200,100,15000,1500,0,0,0,0,0,0,0,0,0,238,5000,50,10,0,0,2
10015,1,15,1194,35,0,0,50,0,517,1000,0,0,73,73,84,0,0,0,0,0,0,0,0,0,1000,100,200,100,15000,1500,0,0,0,0,0,0,0,0,0,238,5000,50,10,0,0,2
10016,1,16,1326,38,0,0,55,0,555,1000,0,0,80,80,90,0,0,0,0,0,0,0,0,0,1000,100,200,100,15000,1500,0,0,0,0,0,0,0,0,0,238,5000,50,10,0,0,2
10017,1,17,1465,42,0,0,59,0,609,1000,0,0,84,84,96,0,0,0,0,0,0,0,0,0,1000,100,200,100,15000,1500,0,0,0,0,0,0,0,0,0,238,5000,50,10,0,0,2
10018,1,18,1630,45,0,0,64,0,659,1000,0,0,93,93,103,0,0,0,0,0,0,0,0,0,1000,100,200,100,15000,1500,0,0,0,0,0,0,0,0,0,238,5000,50,10,0,0,2
10019,1,19,1802,49,0,0,70,0,705,1000,0,0,99,99,109,0,0,0,0,0,0,0,0,0,1000,100,200,100,15000,1500,0,0,0,0,0,0,0,0,0,238,5000,50,10,0,0,2
10020,1,20,1981,53,0,0,75,0,766,1000,0,0,107,107,116,0,0,0,0,0,0,0,0,0,1000,100,200,100,15000,1500,0,0,0,0,0,0,0,0,0,238,5000,50,10,0,0,2
10021,1,21,2167,57,0,0,81,0,823,1000,0,0,115,115,122,0,0,0,0,0,0,0,0,0,1000,100,200,100,15000,1500,0,0,0,0,0,0,0,0,0,238,5000,50,10,0,0,2
10022,1,22,2360,61,0,0,87,0,885,1000,0,0,125,125,129,0,0,0,0,0,0,0,0,0,1000,100,200,100,15000,1500,0,0,0,0,0,0,0,0,0,238,5000,50,10,0,0,2
10023,1,23,2560,66,0,0,94,0,943,1000,0,0,132,132,136,0,0,0,0,0,0,0,0,0,1000,100,200,100,15000,1500,0,0,0,0,0,0,0,0,0,238,5000,50,10,0,0,2
10024,1,24,2796,70,0,0,100,0,1017,1000,0,0,144,144,143,0,0,0,0,0,0,0,0,0,1000,100,200,100,15000,1500,0,0,0,0,0,0,0,0,0,238,5000,50,10,0,0,2
10025,1,25,3043,75,0,0,107,0,1087,1000,0,0,153,153,150,0,0,0,0,0,0,0,0,0,1000,100,200,100,15000,1500,0,0,0,0,0,0,0,0,0,238,5000,50,10,0,0,2
10026,1,26,3301,80,0,0,115,0,1152,1000,0,0,164,164,157,0,0,0,0,0,0,0,0,0,1000,100,200,100,15000,1500,0,0,0,0,0,0,0,0,0,238,5000,50,10,0,0,2
10027,1,27,3821,86,0,0,122,0,1233,1000,0,0,172,172,164,0,0,0,0,0,0,0,0,0,1000,100,200,100,15000,1500,0,0,0,0,0,0,0,0,0,238,5000,50,10,0,0,2
10028,1,28,4369,91,0,0,130,0,1310,1000,0,0,185,185,172,0,0,0,0,0,0,0,0,0,1000,100,200,100,15000,1500,0,0,0,0,0,0,0,0,0,238,5000,50,10,0,0,2
10029,1,29,4946,97,0,0,138,0,1393,1000,0,0,195,195,179,0,0,0,0,0,0,0,0,0,1000,100,200,100,15000,1500,0,0,0,0,0,0,0,0,0,238,5000,50,10,0,0,2
10030,1,30,6410,103,0,0,147,0,1471,1000,0,0,207,207,186,0,0,0,0,0,0,0,0,0,1000,100,200,100,15000,1500,0,0,0,0,0,0,0,0,0,238,5000,50,10,0,0,2
10031,1,31,7962,109,0,0,155,0,1565,1000,0,0,219,219,194,0,0,0,0,0,0,0,0,0,1000,100,200,100,15000,1500,0,0,0,0,0,0,0,0,0,238,5000,50,10,0,0,3
10032,1,32,9605,115,0,0,164,0,1654,1000,0,0,233,233,202,0,0,0,0,0,0,0,0,0,1000,100,200,100,15000,1500,0,0,0,0,0,0,0,0,0,238,5000,50,10,0,0,3
10033,1,33,11340,122,0,0,173,0,1749,1000,0,0,244,244,209,0,0,0,0,0,0,0,0,0,1000,100,200,100,15000,1500,0,0,0,0,0,0,0,0,0,238,5000,50,10,0,0,3
10034,1,34,13170,128,0,0,183,0,1840,1000,0,0,260,260,217,0,0,0,0,0,0,0,0,0,1000,100,200,100,15000,1500,0,0,0,0,0,0,0,0,0,238,5000,50,10,0,0,3
10035,1,35,15098,135,0,0,193,0,1937,1000,0,0,273,273,225,0,0,0,0,0,0,0,0,0,1000,100,200,100,15000,1500,0,0,0,0,0,0,0,0,0,238,5000,50,10,0,0,3
10036,1,36,17732,142,0,0,203,0,2039,1000,0,0,288,288,232,0,0,0,0,0,0,0,0,0,1000,100,200,100,15000,1500,0,0,0,0,0,0,0,0,0,238,5000,50,10,0,0,3
10037,1,37,20500,150,0,0,213,0,2147,1000,0,0,300,300,240,0,0,0,0,0,0,0,0,0,1000,100,200,100,15000,1500,0,0,0,0,0,0,0,0,0,238,5000,50,10,0,0,3
10038,1,38,23404,157,0,0,224,0,2251,1000,0,0,317,317,248,0,0,0,0,0,0,0,0,0,1000,100,200,100,15000,1500,0,0,0,0,0,0,0,0,0,238,5000,50,10,0,0,3
10039,1,39,26449,165,0,0,235,0,2361,1000,0,0,331,331,256,0,0,0,0,0,0,0,0,0,1000,100,200,100,15000,1500,0,0,0,0,0,0,0,0,0,238,5000,50,10,0,0,3
10040,1,40,29637,173,0,0,246,0,2476,1000,0,0,347,347,264,0,0,0,0,0,0,0,0,0,1000,100,200,100,15000,1500,0,0,0,0,0,0,0,0,0,238,5000,50,10,0,0,3
10041,1,41,32971,181,0,0,258,0,2587,1000,0,0,363,363,273,0,0,0,0,0,0,0,0,0,1000,100,200,100,15000,1500,0,0,0,0,0,0,0,0,0,238,5000,50,10,0,0,3
10042,1,42,36857,189,0,0,270,0,2703,1000,0,0,381,381,281,0,0,0,0,0,0,0,0,0,1000,100,200,100,15000,1500,0,0,0,0,0,0,0,0,0,238,5000,50,10,0,0,3
10043,1,43,40913,198,0,0,282,0,2825,1000,0,0,396,396,289,0,0,0,0,0,0,0,0,0,1000,100,200,100,15000,1500,0,0,0,0,0,0,0,0,0,238,5000,50,10,0,0,3
10044,1,44,45143,206,0,0,294,0,2953,1000,0,0,416,416,297,0,0,0,0,0,0,0,0,0,1000,100,200,100,15000,1500,0,0,0,0,0,0,0,0,0,238,5000,50,10,0,0,3
10045,1,45,49550,215,0,0,307,0,3077,1000,0,0,433,433,306,0,0,0,0,0,0,0,0,0,1000,100,200,100,15000,1500,0,0,0,0,0,0,0,0,0,238,5000,50,10,0,0,3
10046,1,46,54137,224,0,0,320,0,3206,1000,0,0,452,452,314,0,0,0,0,0,0,0,0,0,1000,100,200,100,15000,1500,0,0,0,0,0,0,0,0,0,238,5000,50,10,0,0,3
10047,1,47,58908,234,0,0,333,0,3341,1000,0,0,468,468,323,0,0,0,0,0,0,0,0,0,1000,100,200,100,15000,1500,0,0,0,0,0,0,0,0,0,238,5000,50,10,0,0,3
10048,1,48,64124,243,0,0,347,0,3472,1000,0,0,489,489,331,0,0,0,0,0,0,0,0,0,1000,100,200,100,15000,1500,0,0,0,0,0,0,0,0,0,238,5000,50,10,0,0,3
10049,1,49,69541,253,0,0,360,0,3619,1000,0,0,507,507,340,0,0,0,0,0,0,0,0,0,1000,100,200,100,15000,1500,0,0,0,0,0,0,0,0,0,238,5000,50,10,0,0,3
10050,1,50,75162,263,0,0,375,0,3751,1000,0,0,527,527,349,0,0,0,0,0,0,0,0,0,1000,100,200,100,15000,1500,0,0,0,0,0,0,0,0,0,238,5000,50,10,0,0,3
10051,1,51,80990,273,0,0,389,0,3899,1000,0,0,547,547,357,0,0,0,0,0,0,0,0,0,1000,100,200,100,15000,1500,0,0,0,0,0,0,0,0,0,238,5000,50,10,0,0,4
10052,1,52,87029,283,0,0,404,0,4042,1000,0,0,569,569,366,0,0,0,0,0,0,0,0,0,1000,100,200,100,15000,1500,0,0,0,0,0,0,0,0,0,238,5000,50,10,0,0,4
10053,1,53,93282,294,0,0,419,0,4191,1000,0,0,588,588,375,0,0,0,0,0,0,0,0,0,1000,100,200,100,15000,1500,0,0,0,0,0,0,0,0,0,238,5000,50,10,0,0,4
10054,1,54,100074,304,0,0,434,0,4346,1000,0,0,612,612,384,0,0,0,0,0,0,0,0,0,1000,100,200,100,15000,1500,0,0,0,0,0,0,0,0,0,238,5000,50,10,0,0,4
10055,1,55,107098,315,0,0,449,0,4507,1000,0,0,633,633,393,0,0,0,0,0,0,0,0,0,1000,100,200,100,15000,1500,0,0,0,0,0,0,0,0,0,238,5000,50,10,0,0,4
10056,1,56,114359,326,0,0,465,0,4663,1000,0,0,656,656,402,0,0,0,0,0,0,0,0,0,1000,100,200,100,15000,1500,0,0,0,0,0,0,0,0,0,238,5000,50,10,0,0,4
10057,1,57,121859,338,0,0,481,0,4825,1000,0,0,676,676,411,0,0,0,0,0,0,0,0,0,1000,100,200,100,15000,1500,0,0,0,0,0,0,0,0,0,238,5000,50,10,0,0,4
10058,1,58,129603,349,0,0,498,0,4983,1000,0,0,701,701,420,0,0,0,0,0,0,0,0,0,1000,100,200,100,15000,1500,0,0,0,0,0,0,0,0,0,238,5000,50,10,0,0,4
10059,1,59,137593,361,0,0,514,0,5157,1000,0,0,723,723,429,0,0,0,0,0,0,0,0,0,1000,100,200,100,15000,1500,0,0,0,0,0,0,0,0,0,238,5000,50,10,0,0,4
10060,1,60,148171,373,0,0,531,0,5326,1000,0,0,747,747,438,0,0,0,0,0,0,0,0,0,1000,100,200,100,15000,1500,0,0,0,0,0,0,0,0,0,238,5000,50,10,0,0,5
10061,1,61,159084,385,0,0,549,0,5491,1000,0,0,771,771,447,0,0,0,0,0,0,0,0,0,1000,100,200,100,15000,1500,0,0,0,0,0,0,0,0,0,238,5000,50,10,0,0,1
10062,1,62,170338,397,0,0,566,0,5671,1000,0,0,797,797,457,0,0,0,0,0,0,0,0,0,1000,100,200,100,15000,1500,0,0,0,0,0,0,0,0,0,238,5000,50,10,0,0,1
10063,1,63,181937,410,0,0,584,0,5847,1000,0,0,820,820,466,0,0,0,0,0,0,0,0,0,1000,100,200,100,15000,1500,0,0,0,0,0,0,0,0,0,238,5000,50,10,0,0,1
10064,1,64,193887,422,0,0,602,0,6029,1000,0,0,848,848,475,0,0,0,0,0,0,0,0,0,1000,100,200,100,15000,1500,0,0,0,0,0,0,0,0,0,238,5000,50,10,0,0,1
10065,1,65,206192,435,0,0,620,0,6217,1000,0,0,873,873,485,0,0,0,0,0,0,0,0,0,1000,100,200,100,15000,1500,0,0,0,0,0,0,0,0,0,238,5000,50,10,0,0,1
10066,1,66,219431,448,0,0,639,0,6400,1000,0,0,900,900,494,0,0,0,0,0,0,0,0,0,1000,100,200,100,15000,1500,0,0,0,0,0,0,0,0,0,238,5000,50,10,0,0,1
10067,1,67,233052,462,0,0,658,0,6589,1000,0,0,924,924,504,0,0,0,0,0,0,0,0,0,1000,100,200,100,15000,1500,0,0,0,0,0,0,0,0,0,238,5000,50,10,0,0,1
10068,1,68,247060,475,0,0,677,0,6784,1000,0,0,953,953,513,0,0,0,0,0,0,0,0,0,1000,100,200,100,15000,1500,0,0,0,0,0,0,0,0,0,238,5000,50,10,0,0,1
10069,1,69,261460,489,0,0,697,0,6975,1000,0,0,979,979,523,0,0,0,0,0,0,0,0,0,1000,100,200,100,15000,1500,0,0,0,0,0,0,0,0,0,238,5000,50,10,0,0,1
10070,1,70,276258,503,0,0,717,0,7171,1000,0,0,1007,1007,532,0,0,0,0,0,0,0,0,0,1000,100,200,100,15000,1500,0,0,0,0,0,0,0,0,0,238,5000,50,10,0,0,1
10071,1,71,291458,517,0,0,737,0,7373,1000,0,0,1035,1035,542,0,0,0,0,0,0,0,0,0,1000,100,200,100,15000,1500,0,0,0,0,0,0,0,0,0,238,5000,50,10,0,0,1
10072,1,72,294162,531,0,0,757,0,7580,1000,0,0,1065,1065,552,0,0,0,0,0,0,0,0,0,1000,100,200,100,15000,1500,0,0,0,0,0,0,0,0,0,238,5000,50,10,0,0,1
10073,1,73,296933,546,0,0,778,0,7783,1000,0,0,1092,1092,562,0,0,0,0,0,0,0,0,0,1000,100,200,100,15000,1500,0,0,0,0,0,0,0,0,0,238,5000,50,10,0,0,1
10074,1,74,299771,560,0,0,799,0,7992,1000,0,0,1124,1124,571,0,0,0,0,0,0,0,0,0,1000,100,200,100,15000,1500,0,0,0,0,0,0,0,0,0,238,5000,50,10,0,0,1
10075,1,75,302677,575,0,0,820,0,8207,1000,0,0,1153,1153,581,0,0,0,0,0,0,0,0,0,1000,100,200,100,15000,1500,0,0,0,0,0,0,0,0,0,238,5000,50,10,0,0,1
10076,1,76,305652,590,0,0,841,0,8427,1000,0,0,1184,1184,591,0,0,0,0,0,0,0,0,0,1000,100,200,100,15000,1500,0,0,0,0,0,0,0,0,0,238,5000,50,10,0,0,1
10077,1,77,308696,606,0,0,863,0,8643,1000,0,0,1212,1212,601,0,0,0,0,0,0,0,0,0,1000,100,200,100,15000,1500,0,0,0,0,0,0,0,0,0,238,5000,50,10,0,0,1
10078,1,78,311810,621,0,0,885,0,8865,1000,0,0,1245,1245,611,0,0,0,0,0,0,0,0,0,1000,100,200,100,15000,1500,0,0,0,0,0,0,0,0,0,238,5000,50,10,0,0,1
10079,1,79,314995,637,0,0,908,0,9083,1000,0,0,1275,1275,621,0,0,0,0,0,0,0,0,0,1000,100,200,100,15000,1500,0,0,0,0,0,0,0,0,0,238,5000,50,10,0,0,1
10080,1,80,318252,653,0,0,930,0,9316,1000,0,0,1307,1307,631,0,0,0,0,0,0,0,0,0,1000,100,200,100,15000,1500,0,0,0,0,0,0,0,0,0,238,5000,50,10,0,0,1
10081,1,81,321581,669,0,0,953,0,9545,1000,0,0,1339,1339,641,0,0,0,0,0,0,0,0,0,1000,100,200,100,15000,1500,0,0,0,0,0,0,0,0,0,238,5000,50,10,0,0,1
10082,1,82,324983,685,0,0,976,0,9779,1000,0,0,1373,1373,651,0,0,0,0,0,0,0,0,0,1000,100,200,100,15000,1500,0,0,0,0,0,0,0,0,0,238,5000,50,10,0,0,1
10083,1,83,328459,702,0,0,1000,0,10009,1000,0,0,1404,1404,662,0,0,0,0,0,0,0,0,0,1000,100,200,100,15000,1500,0,0,0,0,0,0,0,0,0,238,5000,50,10,0,0,1
10084,1,84,332009,718,0,0,1024,0,10245,1000,0,0,1440,1440,672,0,0,0,0,0,0,0,0,0,1000,100,200,100,15000,1500,0,0,0,0,0,0,0,0,0,238,5000,50,10,0,0,1
10085,1,85,335634,735,0,0,1048,0,10487,1000,0,0,1473,1473,682,0,0,0,0,0,0,0,0,0,1000,100,200,100,15000,1500,0,0,0,0,0,0,0,0,0,238,5000,50,10,0,0,1
10086,1,86,339335,752,0,0,1072,0,10734,1000,0,0,1508,1508,692,0,0,0,0,0,0,0,0,0,1000,100,200,100,15000,1500,0,0,0,0,0,0,0,0,0,238,5000,50,10,0,0,1
10087,1,87,343113,770,0,0,1097,0,10977,1000,0,0,1540,1540,703,0,0,0,0,0,0,0,0,0,1000,100,200,100,15000,1500,0,0,0,0,0,0,0,0,0,238,5000,50,10,0,0,1
10088,1,88,346968,787,0,0,1122,0,11226,1000,0,0,1577,1577,713,0,0,0,0,0,0,0,0,0,1000,100,200,100,15000,1500,0,0,0,0,0,0,0,0,0,238,5000,50,10,0,0,1
10089,1,89,350901,805,0,0,1147,0,11481,1000,0,0,1611,1611,723,0,0,0,0,0,0,0,0,0,1000,100,200,100,15000,1500,0,0,0,0,0,0,0,0,0,238,5000,50,10,0,0,1
10090,1,90,358206,823,0,0,1173,0,11731,1000,0,0,1647,1647,734,0,0,0,0,0,0,0,0,0,1000,100,200,100,15000,1500,0,0,0,0,0,0,0,0,0,238,5000,50,10,0,0,1
10091,1,91,365656,841,0,0,1198,0,11997,1000,0,0,1683,1683,744,0,0,0,0,0,0,0,0,0,1000,100,200,100,15000,1500,0,0,0,0,0,0,0,0,0,238,5000,50,10,0,0,1
10092,1,92,373253,859,0,0,1224,0,12258,1000,0,0,1721,1721,755,0,0,0,0,0,0,0,0,0,1000,100,200,100,15000,1500,0,0,0,0,0,0,0,0,0,238,5000,50,10,0,0,1
10093,1,93,380998,878,0,0,1251,0,12515,1000,0,0,1756,1756,766,0,0,0,0,0,0,0,0,0,1000,100,200,100,15000,1500,0,0,0,0,0,0,0,0,0,238,5000,50,10,0,0,1
10094,1,94,388893,896,0,0,1277,0,12788,1000,0,0,1796,1796,776,0,0,0,0,0,0,0,0,0,1000,100,200,100,15000,1500,0,0,0,0,0,0,0,0,0,238,5000,50,10,0,0,1
10095,1,95,396938,915,0,0,1304,0,13057,1000,0,0,1833,1833,787,0,0,0,0,0,0,0,0,0,1000,100,200,100,15000,1500,0,0,0,0,0,0,0,0,0,238,5000,50,10,0,0,1
10096,1,96,405135,934,0,0,1332,0,13321,1000,0,0,1872,1872,797,0,0,0,0,0,0,0,0,0,1000,100,200,100,15000,1500,0,0,0,0,0,0,0,0,0,238,5000,50,10,0,0,1
10097,1,97,413486,954,0,0,1359,0,13601,1000,0,0,1908,1908,808,0,0,0,0,0,0,0,0,0,1000,100,200,100,15000,1500,0,0,0,0,0,0,0,0,0,238,5000,50,10,0,0,1
10098,1,98,421991,973,0,0,1387,0,13877,1000,0,0,1949,1949,819,0,0,0,0,0,0,0,0,0,1000,100,200,100,15000,1500,0,0,0,0,0,0,0,0,0,238,5000,50,10,0,0,1
10099,1,99,430652,993,0,0,1415,0,14159,1000,0,0,1987,1987,830,0,0,0,0,0,0,0,0,0,1000,100,200,100,15000,1500,0,0,0,0,0,0,0,0,0,238,5000,50,10,0,0,1
10100,1,100,439470,1013,0,0,1443,0,14446,1000,0,0,2027,2027,840,0,0,0,0,0,0,0,0,0,1000,100,200,100,15000,1500,0,0,0,0,0,0,0,0,0,238,5000,50,10,0,0,1
10101,1,101,448446,1033,0,0,1472,0,14729,1000,0,0,2067,2067,851,0,0,0,0,0,0,0,0,0,1000,100,200,100,15000,1500,0,0,0,0,0,0,0,0,0,238,5000,50,10,0,0,1
10102,1,102,457582,1053,0,0,1501,0,15017,1000,0,0,2109,2109,862,0,0,0,0,0,0,0,0,0,1000,100,200,100,15000,1500,0,0,0,0,0,0,0,0,0,238,5000,50,10,0,0,1
10103,1,103,466878,1074,0,0,1530,0,15311,1000,0,0,2148,2148,873,0,0,0,0,0,0,0,0,0,1000,100,200,100,15000,1500,0,0,0,0,0,0,0,0,0,238,5000,50,10,0,0,1
10104,1,104,476337,1094,0,0,1560,0,15601,1000,0,0,2192,2192,884,0,0,0,0,0,0,0,0,0,1000,100,200,100,15000,1500,0,0,0,0,0,0,0,0,0,238,5000,50,10,0,0,1
10105,1,105,485959,1115,0,0,1589,0,15907,1000,0,0,2233,2233,895,0,0,0,0,0,0,0,0,0,1000,100,200,100,15000,1500,0,0,0,0,0,0,0,0,0,238,5000,50,10,0,0,1
10106,1,106,495745,1136,0,0,1619,0,16208,1000,0,0,2276,2276,906,0,0,0,0,0,0,0,0,0,1000,100,200,100,15000,1500,0,0,0,0,0,0,0,0,0,238,5000,50,10,0,0,1
10107,1,107,505697,1158,0,0,1650,0,16505,1000,0,0,2316,2316,917,0,0,0,0,0,0,0,0,0,1000,100,200,100,15000,1500,0,0,0,0,0,0,0,0,0,238,5000,50,10,0,0,1
10108,1,108,515816,1179,0,0,1680,0,16818,1000,0,0,2361,2361,928,0,0,0,0,0,0,0,0,0,1000,100,200,100,15000,1500,0,0,0,0,0,0,0,0,0,238,5000,50,10,0,0,1
10109,1,109,526103,1201,0,0,1711,0,17127,1000,0,0,2403,2403,939,0,0,0,0,0,0,0,0,0,1000,100,200,100,15000,1500,0,0,0,0,0,0,0,0,0,238,5000,50,10,0,0,1
10110,1,110,536560,1223,0,0,1743,0,17431,1000,0,0,2447,2447,951,0,0,0,0,0,0,0,0,0,1000,100,200,100,15000,1500,0,0,0,0,0,0,0,0,0,238,5000,50,10,0,0,1
10111,1,111,547188,1245,0,0,1774,0,17751,1000,0,0,2491,2491,962,0,0,0,0,0,0,0,0,0,1000,100,200,100,15000,1500,0,0,0,0,0,0,0,0,0,238,5000,50,10,0,0,1
10112,1,112,557988,1267,0,0,1806,0,18066,1000,0,0,2537,2537,973,0,0,0,0,0,0,0,0,0,1000,100,200,100,15000,1500,0,0,0,0,0,0,0,0,0,238,5000,50,10,0,0,1
10113,1,113,568961,1290,0,0,1838,0,18387,1000,0,0,2580,2580,984,0,0,0,0,0,0,0,0,0,1000,100,200,100,15000,1500,0,0,0,0,0,0,0,0,0,238,5000,50,10,0,0,1
10114,1,114,580108,1312,0,0,1870,0,18714,1000,0,0,2628,2628,995,0,0,0,0,0,0,0,0,0,1000,100,200,100,15000,1500,0,0,0,0,0,0,0,0,0,238,5000,50,10,0,0,1
10115,1,115,591431,1335,0,0,1903,0,19037,1000,0,0,2673,2673,1007,0,0,0,0,0,0,0,0,0,1000,100,200,100,15000,1500,0,0,0,0,0,0,0,0,0,238,5000,50,10,0,0,1
10116,1,116,602931,1358,0,0,1936,0,19365,1000,0,0,2720,2720,1018,0,0,0,0,0,0,0,0,0,1000,100,200,100,15000,1500,0,0,0,0,0,0,0,0,0,238,5000,50,10,0,0,1
10117,1,117,614609,1382,0,0,1969,0,19699,1000,0,0,2764,2764,1030,0,0,0,0,0,0,0,0,0,1000,100,200,100,15000,1500,0,0,0,0,0,0,0,0,0,238,5000,50,10,0,0,1
10118,1,118,626467,1405,0,0,2002,0,20039,1000,0,0,2813,2813,1041,0,0,0,0,0,0,0,0,0,1000,100,200,100,15000,1500,0,0,0,0,0,0,0,0,0,238,5000,50,10,0,0,1
10119,1,119,638505,1429,0,0,2036,0,20375,1000,0,0,2859,2859,1052,0,0,0,0,0,0,0,0,0,1000,100,200,100,15000,1500,0,0,0,0,0,0,0,0,0,238,5000,50,10,0,0,1
10120,1,120,0,1453,0,0,2070,0,20716,1000,0,0,2907,2907,1064,0,0,0,0,0,0,0,0,0,1000,100,200,100,15000,1500,0,0,0,0,0,0,0,0,0,238,5000,50,10,0,0,1
40001,4,1,60,0,15,0,13,0,192,1000,0,0,53,53,10,0,0,0,0,0,0,0,0,0,1000,100,200,100,15000,1500,0,0,0,0,0,0,0,0,0,666,5000,50,10,0,0,0
40002,4,2,103,0,16,0,13,0,199,1000,0,0,55,55,12,0,0,0,0,0,0,0,0,0,1000,100,200,100,15000,1500,0,0,0,0,0,0,0,0,0,666,5000,50,10,0,0,1
40003,4,3,148,0,17,0,14,0,201,1000,0,0,56,56,15,0,0,0,0,0,0,0,0,0,1000,100,200,100,15000,1500,0,0,0,0,0,0,0,0,0,666,5000,50,10,0,0,1
40004,4,4,196,0,18,0,15,0,208,1000,0,0,58,58,19,0,0,0,0,0,0,0,0,0,1000,100,200,100,15000,1500,0,0,0,0,0,0,0,0,0,666,5000,50,10,0,0,1
40005,4,5,247,0,19,0,16,0,220,1000,0,0,62,62,22,0,0,0,0,0,0,0,0,0,1000,100,200,100,15000,1500,0,0,0,0,0,0,0,0,0,666,5000,50,10,0,0,1
40006,4,6,315,0,21,0,17,0,236,1000,0,0,64,64,26,0,0,0,0,0,0,0,0,0,1000,100,200,100,15000,1500,0,0,0,0,0,0,0,0,0,666,5000,50,10,0,0,1
40007,4,7,387,0,22,0,18,0,258,1000,0,0,71,71,30,0,0,0,0,0,0,0,0,0,1000,100,200,100,15000,1500,0,0,0,0,0,0,0,0,0,666,5000,50,10,0,0,1
40008,4,8,464,0,24,0,20,0,274,1000,0,0,76,76,34,0,0,0,0,0,0,0,0,0,1000,100,200,100,15000,1500,0,0,0,0,0,0,0,0,0,666,5000,50,10,0,0,1
40009,4,9,546,0,26,0,21,0,305,1000,0,0,83,83,38,0,0,0,0,0,0,0,0,0,1000,100,200,100,15000,1500,0,0,0,0,0,0,0,0,0,666,5000,50,10,0,0,1
40010,4,10,633,0,29,0,23,0,332,1000,0,0,89,89,42,0,0,0,0,0,0,0,0,0,1000,100,200,100,15000,1500,0,0,0,0,0,0,0,0,0,666,5000,50,10,0,0,1
40011,4,11,726,0,32,0,26,0,352,1000,0,0,96,96,46,0,0,0,0,0,0,0,0,0,1000,100,200,100,15000,1500,0,0,0,0,0,0,0,0,0,666,5000,50,10,0,0,2
40012,4,12,834,0,34,0,28,0,388,1000,0,0,107,107,51,0,0,0,0,0,0,0,0,0,1000,100,200,100,15000,1500,0,0,0,0,0,0,0,0,0,666,5000,50,10,0,0,2
40013,4,13,948,0,38,0,30,0,429,1000,0,0,114,114,55,0,0,0,0,0,0,0,0,0,1000,100,200,100,15000,1500,0,0,0,0,0,0,0,0,0,666,5000,50,10,0,0,2
40014,4,14,1068,0,41,0,33,0,464,1000,0,0,126,126,60,0,0,0,0,0,0,0,0,0,1000,100,200,100,15000,1500,0,0,0,0,0,0,0,0,0,666,5000,50,10,0,0,2
40015,4,15,1194,0,45,0,36,0,504,1000,0,0,136,136,64,0,0,0,0,0,0,0,0,0,1000,100,200,100,15000,1500,0,0,0,0,0,0,0,0,0,666,5000,50,10,0,0,2
40016,4,16,1326,0,49,0,39,0,549,1000,0,0,147,147,69,0,0,0,0,0,0,0,0,0,1000,100,200,100,15000,1500,0,0,0,0,0,0,0,0,0,666,5000,50,10,0,0,2
40017,4,17,1465,0,53,0,43,0,589,1000,0,0,160,160,74,0,0,0,0,0,0,0,0,0,1000,100,200,100,15000,1500,0,0,0,0,0,0,0,0,0,666,5000,50,10,0,0,2
40018,4,18,1630,0,57,0,46,0,644,1000,0,0,175,175,79,0,0,0,0,0,0,0,0,0,1000,100,200,100,15000,1500,0,0,0,0,0,0,0,0,0,666,5000,50,10,0,0,2
40019,4,19,1802,0,62,0,50,0,694,1000,0,0,188,188,84,0,0,0,0,0,0,0,0,0,1000,100,200,100,15000,1500,0,0,0,0,0,0,0,0,0,666,5000,50,10,0,0,2
40020,4,20,1981,0,67,0,54,0,748,1000,0,0,203,203,89,0,0,0,0,0,0,0,0,0,1000,100,200,100,15000,1500,0,0,0,0,0,0,0,0,0,666,5000,50,10,0,0,2
40021,4,21,2167,0,72,0,58,0,808,1000,0,0,219,219,94,0,0,0,0,0,0,0,0,0,1000,100,200,100,15000,1500,0,0,0,0,0,0,0,0,0,666,5000,50,10,0,0,2
40022,4,22,2360,0,78,0,63,0,862,1000,0,0,234,234,99,0,0,0,0,0,0,0,0,0,1000,100,200,100,15000,1500,0,0,0,0,0,0,0,0,0,666,5000,50,10,0,0,2
40023,4,23,2560,0,83,0,68,0,921,1000,0,0,253,253,105,0,0,0,0,0,0,0,0,0,1000,100,200,100,15000,1500,0,0,0,0,0,0,0,0,0,666,5000,50,10,0,0,2
40024,4,24,2796,0,89,0,72,0,995,1000,0,0,271,271,110,0,0,0,0,0,0,0,0,0,1000,100,200,100,15000,1500,0,0,0,0,0,0,0,0,0,666,5000,50,10,0,0,2
40025,4,25,3043,0,95,0,77,0,1063,1000,0,0,290,290,115,0,0,0,0,0,0,0,0,0,1000,100,200,100,15000,1500,0,0,0,0,0,0,0,0,0,666,5000,50,10,0,0,2
40026,4,26,3301,0,102,0,83,0,1127,1000,0,0,308,308,121,0,0,0,0,0,0,0,0,0,1000,100,200,100,15000,1500,0,0,0,0,0,0,0,0,0,666,5000,50,10,0,0,2
40027,4,27,3821,0,109,0,88,0,1205,1000,0,0,327,327,126,0,0,0,0,0,0,0,0,0,1000,100,200,100,15000,1500,0,0,0,0,0,0,0,0,0,666,5000,50,10,0,0,2
40028,4,28,4369,0,116,0,94,0,1279,1000,0,0,348,348,132,0,0,0,0,0,0,0,0,0,1000,100,200,100,15000,1500,0,0,0,0,0,0,0,0,0,666,5000,50,10,0,0,2
40029,4,29,4946,0,123,0,100,0,1357,1000,0,0,370,370,138,0,0,0,0,0,0,0,0,0,1000,100,200,100,15000,1500,0,0,0,0,0,0,0,0,0,666,5000,50,10,0,0,2
40030,4,30,6410,0,130,0,106,0,1440,1000,0,0,394,394,143,0,0,0,0,0,0,0,0,0,1000,100,200,100,15000,1500,0,0,0,0,0,0,0,0,0,666,5000,50,10,0,0,2
40031,4,31,7962,0,138,0,112,0,1527,1000,0,0,416,416,149,0,0,0,0,0,0,0,0,0,1000,100,200,100,15000,1500,0,0,0,0,0,0,0,0,0,666,5000,50,10,0,0,3
40032,4,32,9605,0,146,0,119,0,1610,1000,0,0,440,440,155,0,0,0,0,0,0,0,0,0,1000,100,200,100,15000,1500,0,0,0,0,0,0,0,0,0,666,5000,50,10,0,0,3
40033,4,33,11340,0,154,0,125,0,1707,1000,0,0,465,465,161,0,0,0,0,0,0,0,0,0,1000,100,200,100,15000,1500,0,0,0,0,0,0,0,0,0,666,5000,50,10,0,0,3
40034,4,34,13170,0,163,0,132,0,1800,1000,0,0,489,489,167,0,0,0,0,0,0,0,0,0,1000,100,200,100,15000,1500,0,0,0,0,0,0,0,0,0,666,5000,50,10,0,0,3
40035,4,35,15098,0,171,0,139,0,1897,1000,0,0,518,518,173,0,0,0,0,0,0,0,0,0,1000,100,200,100,15000,1500,0,0,0,0,0,0,0,0,0,666,5000,50,10,0,0,3
40036,4,36,17732,0,180,0,147,0,1989,1000,0,0,545,545,179,0,0,0,0,0,0,0,0,0,1000,100,200,100,15000,1500,0,0,0,0,0,0,0,0,0,666,5000,50,10,0,0,3
40037,4,37,20500,0,190,0,154,0,2096,1000,0,0,570,570,185,0,0,0,0,0,0,0,0,0,1000,100,200,100,15000,1500,0,0,0,0,0,0,0,0,0,666,5000,50,10,0,0,3
40038,4,38,23404,0,199,0,162,0,2197,1000,0,0,600,600,191,0,0,0,0,0,0,0,0,0,1000,100,200,100,15000,1500,0,0,0,0,0,0,0,0,0,666,5000,50,10,0,0,3
40039,4,39,26449,0,209,0,170,0,2304,1000,0,0,629,629,197,0,0,0,0,0,0,0,0,0,1000,100,200,100,15000,1500,0,0,0,0,0,0,0,0,0,666,5000,50,10,0,0,3
40040,4,40,29637,0,219,0,178,0,2415,1000,0,0,659,659,203,0,0,0,0,0,0,0,0,0,1000,100,200,100,15000,1500,0,0,0,0,0,0,0,0,0,666,5000,50,10,0,0,3
40041,4,41,32971,0,229,0,186,0,2531,1000,0,0,690,690,210,0,0,0,0,0,0,0,0,0,1000,100,200,100,15000,1500,0,0,0,0,0,0,0,0,0,666,5000,50,10,0,0,3
40042,4,42,36857,0,240,0,195,0,2643,1000,0,0,720,720,216,0,0,0,0,0,0,0,0,0,1000,100,200,100,15000,1500,0,0,0,0,0,0,0,0,0,666,5000,50,10,0,0,3
40043,4,43,40913,0,250,0,203,0,2768,1000,0,0,755,755,222,0,0,0,0,0,0,0,0,0,1000,100,200,100,15000,1500,0,0,0,0,0,0,0,0,0,666,5000,50,10,0,0,3
40044,4,44,45143,0,261,0,212,0,2889,1000,0,0,788,788,229,0,0,0,0,0,0,0,0,0,1000,100,200,100,15000,1500,0,0,0,0,0,0,0,0,0,666,5000,50,10,0,0,3
40045,4,45,49550,0,273,0,222,0,3005,1000,0,0,820,820,235,0,0,0,0,0,0,0,0,0,1000,100,200,100,15000,1500,0,0,0,0,0,0,0,0,0,666,5000,50,10,0,0,3
40046,4,46,54137,0,284,0,231,0,3135,1000,0,0,856,856,242,0,0,0,0,0,0,0,0,0,1000,100,200,100,15000,1500,0,0,0,0,0,0,0,0,0,666,5000,50,10,0,0,3
40047,4,47,58908,0,296,0,241,0,3261,1000,0,0,891,891,248,0,0,0,0,0,0,0,0,0,1000,100,200,100,15000,1500,0,0,0,0,0,0,0,0,0,666,5000,50,10,0,0,3
40048,4,48,64124,0,308,0,250,0,3401,1000,0,0,927,927,255,0,0,0,0,0,0,0,0,0,1000,100,200,100,15000,1500,0,0,0,0,0,0,0,0,0,666,5000,50,10,0,0,3
40049,4,49,69541,0,320,0,260,0,3536,1000,0,0,965,965,261,0,0,0,0,0,0,0,0,0,1000,100,200,100,15000,1500,0,0,0,0,0,0,0,0,0,666,5000,50,10,0,0,3
40050,4,50,75162,0,333,0,270,0,3676,1000,0,0,1001,1001,268,0,0,0,0,0,0,0,0,0,1000,100,200,100,15000,1500,0,0,0,0,0,0,0,0,0,666,5000,50,10,0,0,3
40051,4,51,80990,0,346,0,281,0,3810,1000,0,0,1039,1039,275,0,0,0,0,0,0,0,0,0,1000,100,200,100,15000,1500,0,0,0,0,0,0,0,0,0,666,5000,50,10,0,0,4
40052,4,52,87029,0,359,0,291,0,3960,1000,0,0,1078,1078,281,0,0,0,0,0,0,0,0,0,1000,100,200,100,15000,1500,0,0,0,0,0,0,0,0,0,666,5000,50,10,0,0,4
40053,4,53,93282,0,372,0,302,0,4104,1000,0,0,1119,1119,288,0,0,0,0,0,0,0,0,0,1000,100,200,100,15000,1500,0,0,0,0,0,0,0,0,0,666,5000,50,10,0,0,4
40054,4,54,100074,0,386,0,313,0,4253,1000,0,0,1158,1158,295,0,0,0,0,0,0,0,0,0,1000,100,200,100,15000,1500,0,0,0,0,0,0,0,0,0,666,5000,50,10,0,0,4
40055,4,55,107098,0,399,0,324,0,4407,1000,0,0,1202,1202,302,0,0,0,0,0,0,0,0,0,1000,100,200,100,15000,1500,0,0,0,0,0,0,0,0,0,666,5000,50,10,0,0,4
40056,4,56,114359,0,413,0,336,0,4556,1000,0,0,1244,1244,309,0,0,0,0,0,0,0,0,0,1000,100,200,100,15000,1500,0,0,0,0,0,0,0,0,0,666,5000,50,10,0,0,4
40057,4,57,121859,0,428,0,348,0,4710,1000,0,0,1285,1285,316,0,0,0,0,0,0,0,0,0,1000,100,200,100,15000,1500,0,0,0,0,0,0,0,0,0,666,5000,50,10,0,0,4
40058,4,58,129603,0,442,0,359,0,4879,1000,0,0,1330,1330,323,0,0,0,0,0,0,0,0,0,1000,100,200,100,15000,1500,0,0,0,0,0,0,0,0,0,666,5000,50,10,0,0,4
40059,4,59,137593,0,457,0,371,0,5042,1000,0,0,1374,1374,330,0,0,0,0,0,0,0,0,0,1000,100,200,100,15000,1500,0,0,0,0,0,0,0,0,0,666,5000,50,10,0,0,4
40060,4,60,148171,0,472,0,384,0,5200,1000,0,0,1420,1420,337,0,0,0,0,0,0,0,0,0,1000,100,200,100,15000,1500,0,0,0,0,0,0,0,0,0,666,5000,50,10,0,0,5
40061,4,61,159084,0,488,0,396,0,5373,1000,0,0,1464,1464,344,0,0,0,0,0,0,0,0,0,1000,100,200,100,15000,1500,0,0,0,0,0,0,0,0,0,666,5000,50,10,0,0,1
40062,4,62,170338,0,503,0,409,0,5541,1000,0,0,1512,1512,351,0,0,0,0,0,0,0,0,0,1000,100,200,100,15000,1500,0,0,0,0,0,0,0,0,0,666,5000,50,10,0,0,1
40063,4,63,181937,0,519,0,422,0,5714,1000,0,0,1559,1559,358,0,0,0,0,0,0,0,0,0,1000,100,200,100,15000,1500,0,0,0,0,0,0,0,0,0,666,5000,50,10,0,0,1
40064,4,64,193887,0,535,0,435,0,5892,1000,0,0,1608,1608,365,0,0,0,0,0,0,0,0,0,1000,100,200,100,15000,1500,0,0,0,0,0,0,0,0,0,666,5000,50,10,0,0,1
40065,4,65,206192,0,551,0,448,0,6074,1000,0,0,1658,1658,373,0,0,0,0,0,0,0,0,0,1000,100,200,100,15000,1500,0,0,0,0,0,0,0,0,0,666,5000,50,10,0,0,1
40066,4,66,219431,0,568,0,462,0,6252,1000,0,0,1706,1706,380,0,0,0,0,0,0,0,0,0,1000,100,200,100,15000,1500,0,0,0,0,0,0,0,0,0,666,5000,50,10,0,0,1
40067,4,67,233052,0,585,0,475,0,6444,1000,0,0,1756,1756,387,0,0,0,0,0,0,0,0,0,1000,100,200,100,15000,1500,0,0,0,0,0,0,0,0,0,666,5000,50,10,0,0,1
40068,4,68,247060,0,602,0,489,0,6631,1000,0,0,1808,1808,395,0,0,0,0,0,0,0,0,0,1000,100,200,100,15000,1500,0,0,0,0,0,0,0,0,0,666,5000,50,10,0,0,1
40069,4,69,261460,0,619,0,503,0,6823,1000,0,0,1861,1861,402,0,0,0,0,0,0,0,0,0,1000,100,200,100,15000,1500,0,0,0,0,0,0,0,0,0,666,5000,50,10,0,0,1
40070,4,70,276258,0,637,0,518,0,7010,1000,0,0,1913,1913,409,0,0,0,0,0,0,0,0,0,1000,100,200,100,15000,1500,0,0,0,0,0,0,0,0,0,666,5000,50,10,0,0,1
40071,4,71,291458,0,655,0,532,0,7211,1000,0,0,1966,1966,417,0,0,0,0,0,0,0,0,0,1000,100,200,100,15000,1500,0,0,0,0,0,0,0,0,0,666,5000,50,10,0,0,1
40072,4,72,294162,0,673,0,547,0,7408,1000,0,0,2021,2021,424,0,0,0,0,0,0,0,0,0,1000,100,200,100,15000,1500,0,0,0,0,0,0,0,0,0,666,5000,50,10,0,0,1
40073,4,73,296933,0,691,0,562,0,7609,1000,0,0,2077,2077,432,0,0,0,0,0,0,0,0,0,1000,100,200,100,15000,1500,0,0,0,0,0,0,0,0,0,666,5000,50,10,0,0,1
40074,4,74,299771,0,710,0,577,0,7815,1000,0,0,2132,2132,439,0,0,0,0,0,0,0,0,0,1000,100,200,100,15000,1500,0,0,0,0,0,0,0,0,0,666,5000,50,10,0,0,1
40075,4,75,302677,0,729,0,592,0,8026,1000,0,0,2188,2188,447,0,0,0,0,0,0,0,0,0,1000,100,200,100,15000,1500,0,0,0,0,0,0,0,0,0,666,5000,50,10,0,0,1
40076,4,76,305652,0,748,0,608,0,8232,1000,0,0,2246,2246,455,0,0,0,0,0,0,0,0,0,1000,100,200,100,15000,1500,0,0,0,0,0,0,0,0,0,666,5000,50,10,0,0,1
40077,4,77,308696,0,767,0,623,0,8452,1000,0,0,2305,2305,462,0,0,0,0,0,0,0,0,0,1000,100,200,100,15000,1500,0,0,0,0,0,0,0,0,0,666,5000,50,10,0,0,1
40078,4,78,311810,0,787,0,639,0,8668,1000,0,0,2363,2363,470,0,0,0,0,0,0,0,0,0,1000,100,200,100,15000,1500,0,0,0,0,0,0,0,0,0,666,5000,50,10,0,0,1
40079,4,79,314995,0,807,0,656,0,8878,1000,0,0,2422,2422,478,0,0,0,0,0,0,0,0,0,1000,100,200,100,15000,1500,0,0,0,0,0,0,0,0,0,666,5000,50,10,0,0,1
40080,4,80,318252,0,827,0,672,0,9103,1000,0,0,2483,2483,485,0,0,0,0,0,0,0,0,0,1000,100,200,100,15000,1500,0,0,0,0,0,0,0,0,0,666,5000,50,10,0,0,1
40081,4,81,321581,0,847,0,689,0,9323,1000,0,0,2545,2545,493,0,0,0,0,0,0,0,0,0,1000,100,200,100,15000,1500,0,0,0,0,0,0,0,0,0,666,5000,50,10,0,0,1
40082,4,82,324983,0,868,0,705,0,9558,1000,0,0,2606,2606,501,0,0,0,0,0,0,0,0,0,1000,100,200,100,15000,1500,0,0,0,0,0,0,0,0,0,666,5000,50,10,0,0,1
40083,4,83,328459,0,889,0,722,0,9788,1000,0,0,2668,2668,509,0,0,0,0,0,0,0,0,0,1000,100,200,100,15000,1500,0,0,0,0,0,0,0,0,0,666,5000,50,10,0,0,1
40084,4,84,332009,0,910,0,740,0,10012,1000,0,0,2732,2732,517,0,0,0,0,0,0,0,0,0,1000,100,200,100,15000,1500,0,0,0,0,0,0,0,0,0,666,5000,50,10,0,0,1
40085,4,85,335634,0,931,0,757,0,10252,1000,0,0,2798,2798,525,0,0,0,0,0,0,0,0,0,1000,100,200,100,15000,1500,0,0,0,0,0,0,0,0,0,666,5000,50,10,0,0,1
40086,4,86,339335,0,953,0,775,0,10486,1000,0,0,2862,2862,532,0,0,0,0,0,0,0,0,0,1000,100,200,100,15000,1500,0,0,0,0,0,0,0,0,0,666,5000,50,10,0,0,1
40087,4,87,343113,0,975,0,792,0,10735,1000,0,0,2927,2927,540,0,0,0,0,0,0,0,0,0,1000,100,200,100,15000,1500,0,0,0,0,0,0,0,0,0,666,5000,50,10,0,0,1
40088,4,88,346968,0,997,0,810,0,10979,1000,0,0,2994,2994,548,0,0,0,0,0,0,0,0,0,1000,100,200,100,15000,1500,0,0,0,0,0,0,0,0,0,666,5000,50,10,0,0,1
40089,4,89,350901,0,1020,0,829,0,11218,1000,0,0,3060,3060,556,0,0,0,0,0,0,0,0,0,1000,100,200,100,15000,1500,0,0,0,0,0,0,0,0,0,666,5000,50,10,0,0,1
40090,4,90,358206,0,1042,0,847,0,11472,1000,0,0,3130,3130,564,0,0,0,0,0,0,0,0,0,1000,100,200,100,15000,1500,0,0,0,0,0,0,0,0,0,666,5000,50,10,0,0,1
40091,4,91,365656,0,1065,0,866,0,11720,1000,0,0,3198,3198,573,0,0,0,0,0,0,0,0,0,1000,100,200,100,15000,1500,0,0,0,0,0,0,0,0,0,666,5000,50,10,0,0,1
40092,4,92,373253,0,1088,0,884,0,11983,1000,0,0,3268,3268,581,0,0,0,0,0,0,0,0,0,1000,100,200,100,15000,1500,0,0,0,0,0,0,0,0,0,666,5000,50,10,0,0,1
40093,4,93,380998,0,1112,0,904,0,12231,1000,0,0,3337,3337,589,0,0,0,0,0,0,0,0,0,1000,100,200,100,15000,1500,0,0,0,0,0,0,0,0,0,666,5000,50,10,0,0,1
40094,4,94,388893,0,1135,0,923,0,12494,1000,0,0,3410,3410,597,0,0,0,0,0,0,0,0,0,1000,100,200,100,15000,1500,0,0,0,0,0,0,0,0,0,666,5000,50,10,0,0,1
40095,4,95,396938,0,1159,0,942,0,12762,1000,0,0,3482,3482,605,0,0,0,0,0,0,0,0,0,1000,100,200,100,15000,1500,0,0,0,0,0,0,0,0,0,666,5000,50,10,0,0,1
40096,4,96,405135,0,1184,0,962,0,13025,1000,0,0,3552,3552,613,0,0,0,0,0,0,0,0,0,1000,100,200,100,15000,1500,0,0,0,0,0,0,0,0,0,666,5000,50,10,0,0,1
40097,4,97,413486,0,1208,0,982,0,13293,1000,0,0,3627,3627,622,0,0,0,0,0,0,0,0,0,1000,100,200,100,15000,1500,0,0,0,0,0,0,0,0,0,666,5000,50,10,0,0,1
40098,4,98,421991,0,1233,0,1002,0,13565,1000,0,0,3700,3700,630,0,0,0,0,0,0,0,0,0,1000,100,200,100,15000,1500,0,0,0,0,0,0,0,0,0,666,5000,50,10,0,0,1
40099,4,99,430652,0,1258,0,1022,0,13842,1000,0,0,3775,3775,638,0,0,0,0,0,0,0,0,0,1000,100,200,100,15000,1500,0,0,0,0,0,0,0,0,0,666,5000,50,10,0,0,1
40100,4,100,439470,0,1283,0,1043,0,14114,1000,0,0,3851,3851,646,0,0,0,0,0,0,0,0,0,1000,100,200,100,15000,1500,0,0,0,0,0,0,0,0,0,666,5000,50,10,0,0,1
40101,4,101,448446,0,1308,0,1063,0,14401,1000,0,0,3929,3929,655,0,0,0,0,0,0,0,0,0,1000,100,200,100,15000,1500,0,0,0,0,0,0,0,0,0,666,5000,50,10,0,0,1
40102,4,102,457582,0,1334,0,1084,0,14683,1000,0,0,4005,4005,663,0,0,0,0,0,0,0,0,0,1000,100,200,100,15000,1500,0,0,0,0,0,0,0,0,0,666,5000,50,10,0,0,1
40103,4,103,466878,0,1360,0,1105,0,14970,1000,0,0,4083,4083,672,0,0,0,0,0,0,0,0,0,1000,100,200,100,15000,1500,0,0,0,0,0,0,0,0,0,666,5000,50,10,0,0,1
40104,4,104,476337,0,1386,0,1127,0,15251,1000,0,0,4162,4162,680,0,0,0,0,0,0,0,0,0,1000,100,200,100,15000,1500,0,0,0,0,0,0,0,0,0,666,5000,50,10,0,0,1
40105,4,105,485959,0,1413,0,1148,0,15547,1000,0,0,4240,4240,688,0,0,0,0,0,0,0,0,0,1000,100,200,100,15000,1500,0,0,0,0,0,0,0,0,0,666,5000,50,10,0,0,1
40106,4,106,495745,0,1439,0,1170,0,15838,1000,0,0,4322,4322,697,0,0,0,0,0,0,0,0,0,1000,100,200,100,15000,1500,0,0,0,0,0,0,0,0,0,666,5000,50,10,0,0,1
40107,4,107,505697,0,1466,0,1192,0,16134,1000,0,0,4403,4403,705,0,0,0,0,0,0,0,0,0,1000,100,200,100,15000,1500,0,0,0,0,0,0,0,0,0,666,5000,50,10,0,0,1
40108,4,108,515816,0,1494,0,1214,0,16435,1000,0,0,4482,4482,714,0,0,0,0,0,0,0,0,0,1000,100,200,100,15000,1500,0,0,0,0,0,0,0,0,0,666,5000,50,10,0,0,1
40109,4,109,526103,0,1521,0,1236,0,16741,1000,0,0,4566,4566,722,0,0,0,0,0,0,0,0,0,1000,100,200,100,15000,1500,0,0,0,0,0,0,0,0,0,666,5000,50,10,0,0,1
40110,4,110,536560,0,1549,0,1259,0,17042,1000,0,0,4649,4649,731,0,0,0,0,0,0,0,0,0,1000,100,200,100,15000,1500,0,0,0,0,0,0,0,0,0,666,5000,50,10,0,0,1
40111,4,111,547188,0,1577,0,1282,0,17347,1000,0,0,4733,4733,740,0,0,0,0,0,0,0,0,0,1000,100,200,100,15000,1500,0,0,0,0,0,0,0,0,0,666,5000,50,10,0,0,1
40112,4,112,557988,0,1605,0,1305,0,17657,1000,0,0,4818,4818,748,0,0,0,0,0,0,0,0,0,1000,100,200,100,15000,1500,0,0,0,0,0,0,0,0,0,666,5000,50,10,0,0,1
40113,4,113,568961,0,1634,0,1328,0,17972,1000,0,0,4902,4902,757,0,0,0,0,0,0,0,0,0,1000,100,200,100,15000,1500,0,0,0,0,0,0,0,0,0,666,5000,50,10,0,0,1
40114,4,114,580108,0,1662,0,1351,0,18292,1000,0,0,4991,4991,766,0,0,0,0,0,0,0,0,0,1000,100,200,100,15000,1500,0,0,0,0,0,0,0,0,0,666,5000,50,10,0,0,1
40115,4,115,591431,0,1691,0,1375,0,18607,1000,0,0,5078,5078,774,0,0,0,0,0,0,0,0,0,1000,100,200,100,15000,1500,0,0,0,0,0,0,0,0,0,666,5000,50,10,0,0,1
40116,4,116,602931,0,1721,0,1398,0,18936,1000,0,0,5163,5163,783,0,0,0,0,0,0,0,0,0,1000,100,200,100,15000,1500,0,0,0,0,0,0,0,0,0,666,5000,50,10,0,0,1
40117,4,117,614609,0,1750,0,1422,0,19261,1000,0,0,5253,5253,792,0,0,0,0,0,0,0,0,0,1000,100,200,100,15000,1500,0,0,0,0,0,0,0,0,0,666,5000,50,10,0,0,1
40118,4,118,626467,0,1780,0,1447,0,19580,1000,0,0,5342,5342,801,0,0,0,0,0,0,0,0,0,1000,100,200,100,15000,1500,0,0,0,0,0,0,0,0,0,666,5000,50,10,0,0,1
40119,4,119,638505,0,1810,0,1471,0,19914,1000,0,0,5432,5432,809,0,0,0,0,0,0,0,0,0,1000,100,200,100,15000,1500,0,0,0,0,0,0,0,0,0,666,5000,50,10,0,0,1
40120,4,120,0,0,1840,0,1496,0,20243,1000,0,0,5524,5524,818,0,0,0,0,0,0,0,0,0,1000,100,200,100,15000,1500,0,0,0,0,0,0,0,0,0,666,5000,50,10,0,0,1
70001,7,1,60,0,0,11,16,0,188,1000,0,0,39,39,6,0,0,0,0,0,0,0,0,0,1000,100,200,100,15000,1500,0,0,0,0,0,0,0,0,0,238,5000,50,10,0,0,0
70002,7,2,103,0,0,12,16,0,196,1000,0,0,40,40,9,0,0,0,0,0,0,0,0,0,1000,100,200,100,15000,1500,0,0,0,0,0,0,0,0,0,238,5000,50,10,0,0,1
70003,7,3,148,0,0,13,16,0,209,1000,0,0,42,42,12,0,0,0,0,0,0,0,0,0,1000,100,200,100,15000,1500,0,0,0,0,0,0,0,0,0,238,5000,50,10,0,0,1
70004,7,4,196,0,0,14,17,0,218,1000,0,0,43,43,16,0,0,0,0,0,0,0,0,0,1000,100,200,100,15000,1500,0,0,0,0,0,0,0,0,0,238,5000,50,10,0,0,1
70005,7,5,247,0,0,15,18,0,231,1000,0,0,45,45,19,0,0,0,0,0,0,0,0,0,1000,100,200,100,15000,1500,0,0,0,0,0,0,0,0,0,238,5000,50,10,0,0,1
70006,7,6,315,0,0,16,20,0,240,1000,0,0,48,48,24,0,0,0,0,0,0,0,0,0,1000,100,200,100,15000,1500,0,0,0,0,0,0,0,0,0,238,5000,50,10,0,0,1
70007,7,7,387,0,0,17,21,0,264,1000,0,0,53,53,28,0,0,0,0,0,0,0,0,0,1000,100,200,100,15000,1500,0,0,0,0,0,0,0,0,0,238,5000,50,10,0,0,1
70008,7,8,464,0,0,18,23,0,283,1000,0,0,58,58,32,0,0,0,0,0,0,0,0,0,1000,100,200,100,15000,1500,0,0,0,0,0,0,0,0,0,238,5000,50,10,0,0,1
70009,7,9,546,0,0,20,25,0,308,1000,0,0,62,62,36,0,0,0,0,0,0,0,0,0,1000,100,200,100,15000,1500,0,0,0,0,0,0,0,0,0,238,5000,50,10,0,0,1
70010,7,10,633,0,0,22,27,0,338,1000,0,0,67,67,40,0,0,0,0,0,0,0,0,0,1000,100,200,100,15000,1500,0,0,0,0,0,0,0,0,0,238,5000,50,10,0,0,1
70011,7,11,726,0,0,24,30,0,363,1000,0,0,73,73,45,0,0,0,0,0,0,0,0,0,1000,100,200,100,15000,1500,0,0,0,0,0,0,0,0,0,238,5000,50,10,0,0,2
70012,7,12,834,0,0,26,33,0,393,1000,0,0,80,80,49,0,0,0,0,0,0,0,0,0,1000,100,200,100,15000,1500,0,0,0,0,0,0,0,0,0,238,5000,50,10,0,0,2
70013,7,13,948,0,0,28,36,0,429,1000,0,0,89,89,54,0,0,0,0,0,0,0,0,0,1000,100,200,100,15000,1500,0,0,0,0,0,0,0,0,0,238,5000,50,10,0,0,2
70014,7,14,1068,0,0,31,39,0,470,1000,0,0,95,95,57,0,0,0,0,0,0,0,0,0,1000,100,200,100,15000,1500,0,0,0,0,0,0,0,0,0,238,5000,50,10,0,0,2
70015,7,15,1194,0,0,34,43,0,506,1000,0,0,103,103,62,0,0,0,0,0,0,0,0,0,1000,100,200,100,15000,1500,0,0,0,0,0,0,0,0,0,238,5000,50,10,0,0,2
70016,7,16,1326,0,0,37,46,0,557,1000,0,0,112,112,66,0,0,0,0,0,0,0,0,0,1000,100,200,100,15000,1500,0,0,0,0,0,0,0,0,0,238,5000,50,10,0,0,2
70017,7,17,1465,0,0,40,50,0,603,1000,0,0,122,122,71,0,0,0,0,0,0,0,0,0,1000,100,200,100,15000,1500,0,0,0,0,0,0,0,0,0,238,5000,50,10,0,0,2
70018,7,18,1630,0,0,43,54,0,655,1000,0,0,133,133,75,0,0,0,0,0,0,0,0,0,1000,100,200,100,15000,1500,0,0,0,0,0,0,0,0,0,238,5000,50,10,0,0,2
70019,7,19,1802,0,0,47,59,0,702,1000,0,0,142,142,79,0,0,0,0,0,0,0,0,0,1000,100,200,100,15000,1500,0,0,0,0,0,0,0,0,0,238,5000,50,10,0,0,2
70020,7,20,1981,0,0,50,64,0,754,1000,0,0,155,155,84,0,0,0,0,0,0,0,0,0,1000,100,200,100,15000,1500,0,0,0,0,0,0,0,0,0,238,5000,50,10,0,0,2
70021,7,21,2167,0,0,54,69,0,812,1000,0,0,167,167,89,0,0,0,0,0,0,0,0,0,1000,100,200,100,15000,1500,0,0,0,0,0,0,0,0,0,238,5000,50,10,0,0,2
70022,7,22,2360,0,0,59,74,0,875,1000,0,0,177,177,92,0,0,0,0,0,0,0,0,0,1000,100,200,100,15000,1500,0,0,0,0,0,0,0,0,0,238,5000,50,10,0,0,2
70023,7,23,2560,0,0,63,79,0,943,1000,0,0,191,191,96,0,0,0,0,0,0,0,0,0,1000,100,200,100,15000,1500,0,0,0,0,0,0,0,0,0,238,5000,50,10,0,0,2
70024,7,24,2796,0,0,67,85,0,1006,1000,0,0,206,206,101,0,0,0,0,0,0,0,0,0,1000,100,200,100,15000,1500,0,0,0,0,0,0,0,0,0,238,5000,50,10,0,0,2
70025,7,25,3043,0,0,72,91,0,1074,1000,0,0,219,219,106,0,0,0,0,0,0,0,0,0,1000,100,200,100,15000,1500,0,0,0,0,0,0,0,0,0,238,5000,50,10,0,0,2
70026,7,26,3301,0,0,77,97,0,1148,1000,0,0,233,233,109,0,0,0,0,0,0,0,0,0,1000,100,200,100,15000,1500,0,0,0,0,0,0,0,0,0,238,5000,50,10,0,0,2
70027,7,27,3821,0,0,82,103,0,1227,1000,0,0,249,249,114,0,0,0,0,0,0,0,0,0,1000,100,200,100,15000,1500,0,0,0,0,0,0,0,0,0,238,5000,50,10,0,0,2
70028,7,28,4369,0,0,87,110,0,1301,1000,0,0,265,265,118,0,0,0,0,0,0,0,0,0,1000,100,200,100,15000,1500,0,0,0,0,0,0,0,0,0,238,5000,50,10,0,0,2
70029,7,29,4946,0,0,93,117,0,1381,1000,0,0,280,280,122,0,0,0,0,0,0,0,0,0,1000,100,200,100,15000,1500,0,0,0,0,0,0,0,0,0,238,5000,50,10,0,0,2
70030,7,30,6410,0,0,98,124,0,1465,1000,0,0,299,299,127,0,0,0,0,0,0,0,0,0,1000,100,200,100,15000,1500,0,0,0,0,0,0,0,0,0,238,5000,50,10,0,0,2
70031,7,31,7962,0,0,104,131,0,1555,1000,0,0,316,316,131,0,0,0,0,0,0,0,0,0,1000,100,200,100,15000,1500,0,0,0,0,0,0,0,0,0,238,5000,50,10,0,0,3
70032,7,32,9605,0,0,110,139,0,1641,1000,0,0,334,334,135,0,0,0,0,0,0,0,0,0,1000,100,200,100,15000,1500,0,0,0,0,0,0,0,0,0,238,5000,50,10,0,0,3
70033,7,33,11340,0,0,117,147,0,1731,1000,0,0,351,351,138,0,0,0,0,0,0,0,0,0,1000,100,200,100,15000,1500,0,0,0,0,0,0,0,0,0,238,5000,50,10,0,0,3
70034,7,34,13170,0,0,123,155,0,1827,1000,0,0,371,371,143,0,0,0,0,0,0,0,0,0,1000,100,200,100,15000,1500,0,0,0,0,0,0,0,0,0,238,5000,50,10,0,0,3
70035,7,35,15098,0,0,130,163,0,1928,1000,0,0,390,390,147,0,0,0,0,0,0,0,0,0,1000,100,200,100,15000,1500,0,0,0,0,0,0,0,0,0,238,5000,50,10,0,0,3
70036,7,36,17732,0,0,136,172,0,2024,1000,0,0,413,413,151,0,0,0,0,0,0,0,0,0,1000,100,200,100,15000,1500,0,0,0,0,0,0,0,0,0,238,5000,50,10,0,0,3
70037,7,37,20500,0,0,143,181,0,2125,1000,0,0,434,434,155,0,0,0,0,0,0,0,0,0,1000,100,200,100,15000,1500,0,0,0,0,0,0,0,0,0,238,5000,50,10,0,0,3
70038,7,38,23404,0,0,151,190,0,2232,1000,0,0,453,453,158,0,0,0,0,0,0,0,0,0,1000,100,200,100,15000,1500,0,0,0,0,0,0,0,0,0,238,5000,50,10,0,0,3
70039,7,39,26449,0,0,158,199,0,2344,1000,0,0,476,476,163,0,0,0,0,0,0,0,0,0,1000,100,200,100,15000,1500,0,0,0,0,0,0,0,0,0,238,5000,50,10,0,0,3
70040,7,40,29637,0,0,165,208,0,2461,1000,0,0,500,500,166,0,0,0,0,0,0,0,0,0,1000,100,200,100,15000,1500,0,0,0,0,0,0,0,0,0,238,5000,50,10,0,0,3
70041,7,41,32971,0,0,173,218,0,2573,1000,0,0,523,523,170,0,0,0,0,0,0,0,0,0,1000,100,200,100,15000,1500,0,0,0,0,0,0,0,0,0,238,5000,50,10,0,0,3
70042,7,42,36857,0,0,181,228,0,2691,1000,0,0,547,547,174,0,0,0,0,0,0,0,0,0,1000,100,200,100,15000,1500,0,0,0,0,0,0,0,0,0,238,5000,50,10,0,0,3
70043,7,43,40913,0,0,189,238,0,2814,1000,0,0,572,572,178,0,0,0,0,0,0,0,0,0,1000,100,200,100,15000,1500,0,0,0,0,0,0,0,0,0,238,5000,50,10,0,0,3
70044,7,44,45143,0,0,198,249,0,2932,1000,0,0,595,595,182,0,0,0,0,0,0,0,0,0,1000,100,200,100,15000,1500,0,0,0,0,0,0,0,0,0,238,5000,50,10,0,0,3
70045,7,45,49550,0,0,206,260,0,3055,1000,0,0,622,622,185,0,0,0,0,0,0,0,0,0,1000,100,200,100,15000,1500,0,0,0,0,0,0,0,0,0,238,5000,50,10,0,0,3
70046,7,46,54137,0,0,215,271,0,3184,1000,0,0,647,647,188,0,0,0,0,0,0,0,0,0,1000,100,200,100,15000,1500,0,0,0,0,0,0,0,0,0,238,5000,50,10,0,0,3
70047,7,47,58908,0,0,224,282,0,3318,1000,0,0,674,674,192,0,0,0,0,0,0,0,0,0,1000,100,200,100,15000,1500,0,0,0,0,0,0,0,0,0,238,5000,50,10,0,0,3
70048,7,48,64124,0,0,233,293,0,3457,1000,0,0,701,701,196,0,0,0,0,0,0,0,0,0,1000,100,200,100,15000,1500,0,0,0,0,0,0,0,0,0,238,5000,50,10,0,0,3
70049,7,49,69541,0,0,242,305,0,3591,1000,0,0,730,730,200,0,0,0,0,0,0,0,0,0,1000,100,200,100,15000,1500,0,0,0,0,0,0,0,0,0,238,5000,50,10,0,0,3
70050,7,50,75162,0,0,252,317,0,3731,1000,0,0,757,757,203,0,0,0,0,0,0,0,0,0,1000,100,200,100,15000,1500,0,0,0,0,0,0,0,0,0,238,5000,50,10,0,0,3
70051,7,51,80990,0,0,261,329,0,3875,1000,0,0,788,788,206,0,0,0,0,0,0,0,0,0,1000,100,200,100,15000,1500,0,0,0,0,0,0,0,0,0,238,5000,50,10,0,0,4
70052,7,52,87029,0,0,271,342,0,4015,1000,0,0,817,817,209,0,0,0,0,0,0,0,0,0,1000,100,200,100,15000,1500,0,0,0,0,0,0,0,0,0,238,5000,50,10,0,0,4
70053,7,53,93282,0,0,281,354,0,4171,1000,0,0,848,848,213,0,0,0,0,0,0,0,0,0,1000,100,200,100,15000,1500,0,0,0,0,0,0,0,0,0,238,5000,50,10,0,0,4
70054,7,54,100074,0,0,292,367,0,4321,1000,0,0,876,876,216,0,0,0,0,0,0,0,0,0,1000,100,200,100,15000,1500,0,0,0,0,0,0,0,0,0,238,5000,50,10,0,0,4
70055,7,55,107098,0,0,302,380,0,4477,1000,0,0,909,909,219,0,0,0,0,0,0,0,0,0,1000,100,200,100,15000,1500,0,0,0,0,0,0,0,0,0,238,5000,50,10,0,0,4
70056,7,56,114359,0,0,313,394,0,4628,1000,0,0,940,940,222,0,0,0,0,0,0,0,0,0,1000,100,200,100,15000,1500,0,0,0,0,0,0,0,0,0,238,5000,50,10,0,0,4
70057,7,57,121859,0,0,324,407,0,4794,1000,0,0,972,972,225,0,0,0,0,0,0,0,0,0,1000,100,200,100,15000,1500,0,0,0,0,0,0,0,0,0,238,5000,50,10,0,0,4
70058,7,58,129603,0,0,335,421,0,4956,1000,0,0,1005,1005,228,0,0,0,0,0,0,0,0,0,1000,100,200,100,15000,1500,0,0,0,0,0,0,0,0,0,238,5000,50,10,0,0,4
70059,7,59,137593,0,0,346,435,0,5123,1000,0,0,1039,1039,232,0,0,0,0,0,0,0,0,0,1000,100,200,100,15000,1500,0,0,0,0,0,0,0,0,0,238,5000,50,10,0,0,4
70060,7,60,148171,0,0,357,450,0,5285,1000,0,0,1074,1074,234,0,0,0,0,0,0,0,0,0,1000,100,200,100,15000,1500,0,0,0,0,0,0,0,0,0,238,5000,50,10,0,0,5
70061,7,61,159084,0,0,369,464,0,5462,1000,0,0,1108,1108,237,0,0,0,0,0,0,0,0,0,1000,100,200,100,15000,1500,0,0,0,0,0,0,0,0,0,238,5000,50,10,0,0,1
70062,7,62,170338,0,0,381,479,0,5635,1000,0,0,1143,1143,240,0,0,0,0,0,0,0,0,0,1000,100,200,100,15000,1500,0,0,0,0,0,0,0,0,0,238,5000,50,10,0,0,1
70063,7,63,181937,0,0,393,494,0,5812,1000,0,0,1179,1179,243,0,0,0,0,0,0,0,0,0,1000,100,200,100,15000,1500,0,0,0,0,0,0,0,0,0,238,5000,50,10,0,0,1
70064,7,64,193887,0,0,405,509,0,5995,1000,0,0,1216,1216,245,0,0,0,0,0,0,0,0,0,1000,100,200,100,15000,1500,0,0,0,0,0,0,0,0,0,238,5000,50,10,0,0,1
70065,7,65,206192,0,0,417,525,0,6174,1000,0,0,1254,1254,248,0,0,0,0,0,0,0,0,0,1000,100,200,100,15000,1500,0,0,0,0,0,0,0,0,0,238,5000,50,10,0,0,1
70066,7,66,219431,0,0,430,541,0,6357,1000,0,0,1290,1290,251,0,0,0,0,0,0,0,0,0,1000,100,200,100,15000,1500,0,0,0,0,0,0,0,0,0,238,5000,50,10,0,0,1
70067,7,67,233052,0,0,442,557,0,6546,1000,0,0,1331,1331,254,0,0,0,0,0,0,0,0,0,1000,100,200,100,15000,1500,0,0,0,0,0,0,0,0,0,238,5000,50,10,0,0,1
70068,7,68,247060,0,0,455,573,0,6740,1000,0,0,1369,1369,256,0,0,0,0,0,0,0,0,0,1000,100,200,100,15000,1500,0,0,0,0,0,0,0,0,0,238,5000,50,10,0,0,1
70069,7,69,261460,0,0,468,590,0,6929,1000,0,0,1409,1409,259,0,0,0,0,0,0,0,0,0,1000,100,200,100,15000,1500,0,0,0,0,0,0,0,0,0,238,5000,50,10,0,0,1
70070,7,70,276258,0,0,482,606,0,7133,1000,0,0,1447,1447,261,0,0,0,0,0,0,0,0,0,1000,100,200,100,15000,1500,0,0,0,0,0,0,0,0,0,238,5000,50,10,0,0,1
70071,7,71,291458,0,0,495,623,0,7333,1000,0,0,1489,1489,263,0,0,0,0,0,0,0,0,0,1000,100,200,100,15000,1500,0,0,0,0,0,0,0,0,0,238,5000,50,10,0,0,1
70072,7,72,294162,0,0,509,641,0,7528,1000,0,0,1529,1529,266,0,0,0,0,0,0,0,0,0,1000,100,200,100,15000,1500,0,0,0,0,0,0,0,0,0,238,5000,50,10,0,0,1
70073,7,73,296933,0,0,523,658,0,7738,1000,0,0,1571,1571,268,0,0,0,0,0,0,0,0,0,1000,100,200,100,15000,1500,0,0,0,0,0,0,0,0,0,238,5000,50,10,0,0,1
70074,7,74,299771,0,0,537,676,0,7944,1000,0,0,1613,1613,270,0,0,0,0,0,0,0,0,0,1000,100,200,100,15000,1500,0,0,0,0,0,0,0,0,0,238,5000,50,10,0,0,1
70075,7,75,302677,0,0,551,694,0,8154,1000,0,0,1657,1657,272,0,0,0,0,0,0,0,0,0,1000,100,200,100,15000,1500,0,0,0,0,0,0,0,0,0,238,5000,50,10,0,0,1
70076,7,76,305652,0,0,566,712,0,8370,1000,0,0,1699,1699,275,0,0,0,0,0,0,0,0,0,1000,100,200,100,15000,1500,0,0,0,0,0,0,0,0,0,238,5000,50,10,0,0,1
70077,7,77,308696,0,0,580,730,0,8591,1000,0,0,1745,1745,277,0,0,0,0,0,0,0,0,0,1000,100,200,100,15000,1500,0,0,0,0,0,0,0,0,0,238,5000,50,10,0,0,1
70078,7,78,311810,0,0,595,749,0,8808,1000,0,0,1789,1789,278,0,0,0,0,0,0,0,0,0,1000,100,200,100,15000,1500,0,0,0,0,0,0,0,0,0,238,5000,50,10,0,0,1
70079,7,79,314995,0,0,610,768,0,9030,1000,0,0,1834,1834,281,0,0,0,0,0,0,0,0,0,1000,100,200,100,15000,1500,0,0,0,0,0,0,0,0,0,238,5000,50,10,0,0,1
70080,7,80,318252,0,0,625,787,0,9256,1000,0,0,1880,1880,282,0,0,0,0,0,0,0,0,0,1000,100,200,100,15000,1500,0,0,0,0,0,0,0,0,0,238,5000,50,10,0,0,1
70081,7,81,321581,0,0,641,807,0,9479,1000,0,0,1925,1925,284,0,0,0,0,0,0,0,0,0,1000,100,200,100,15000,1500,0,0,0,0,0,0,0,0,0,238,5000,50,10,0,0,1
70082,7,82,324983,0,0,657,826,0,9716,1000,0,0,1971,1971,286,0,0,0,0,0,0,0,0,0,1000,100,200,100,15000,1500,0,0,0,0,0,0,0,0,0,238,5000,50,10,0,0,1
70083,7,83,328459,0,0,672,846,0,9949,1000,0,0,2021,2021,288,0,0,0,0,0,0,0,0,0,1000,100,200,100,15000,1500,0,0,0,0,0,0,0,0,0,238,5000,50,10,0,0,1
70084,7,84,332009,0,0,688,866,0,10186,1000,0,0,2069,2069,290,0,0,0,0,0,0,0,0,0,1000,100,200,100,15000,1500,0,0,0,0,0,0,0,0,0,238,5000,50,10,0,0,1
70085,7,85,335634,0,0,705,887,0,10420,1000,0,0,2115,2115,290,0,0,0,0,0,0,0,0,0,1000,100,200,100,15000,1500,0,0,0,0,0,0,0,0,0,238,5000,50,10,0,0,1
70086,7,86,339335,0,0,721,907,0,10668,1000,0,0,2165,2165,292,0,0,0,0,0,0,0,0,0,1000,100,200,100,15000,1500,0,0,0,0,0,0,0,0,0,238,5000,50,10,0,0,1
70087,7,87,343113,0,0,738,928,0,10912,1000,0,0,2214,2214,294,0,0,0,0,0,0,0,0,0,1000,100,200,100,15000,1500,0,0,0,0,0,0,0,0,0,238,5000,50,10,0,0,1
70088,7,88,346968,0,0,754,949,0,11160,1000,0,0,2266,2266,296,0,0,0,0,0,0,0,0,0,1000,100,200,100,15000,1500,0,0,0,0,0,0,0,0,0,238,5000,50,10,0,0,1
70089,7,89,350901,0,0,771,971,0,11404,1000,0,0,2317,2317,296,0,0,0,0,0,0,0,0,0,1000,100,200,100,15000,1500,0,0,0,0,0,0,0,0,0,238,5000,50,10,0,0,1
70090,7,90,358206,0,0,788,992,0,11664,1000,0,0,2369,2369,298,0,0,0,0,0,0,0,0,0,1000,100,200,100,15000,1500,0,0,0,0,0,0,0,0,0,238,5000,50,10,0,0,1
70091,7,91,365656,0,0,806,1014,0,11918,1000,0,0,2419,2419,299,0,0,0,0,0,0,0,0,0,1000,100,200,100,15000,1500,0,0,0,0,0,0,0,0,0,238,5000,50,10,0,0,1
70092,7,92,373253,0,0,823,1036,0,12178,1000,0,0,2473,2473,300,0,0,0,0,0,0,0,0,0,1000,100,200,100,15000,1500,0,0,0,0,0,0,0,0,0,238,5000,50,10,0,0,1
70093,7,93,380998,0,0,841,1059,0,12433,1000,0,0,2526,2526,301,0,0,0,0,0,0,0,0,0,1000,100,200,100,15000,1500,0,0,0,0,0,0,0,0,0,238,5000,50,10,0,0,1
70094,7,94,388893,0,0,859,1081,0,12704,1000,0,0,2579,2579,302,0,0,0,0,0,0,0,0,0,1000,100,200,100,15000,1500,0,0,0,0,0,0,0,0,0,238,5000,50,10,0,0,1
70095,7,95,396938,0,0,877,1104,0,12969,1000,0,0,2634,2634,303,0,0,0,0,0,0,0,0,0,1000,100,200,100,15000,1500,0,0,0,0,0,0,0,0,0,238,5000,50,10,0,0,1
70096,7,96,405135,0,0,895,1127,0,13240,1000,0,0,2690,2690,304,0,0,0,0,0,0,0,0,0,1000,100,200,100,15000,1500,0,0,0,0,0,0,0,0,0,238,5000,50,10,0,0,1
70097,7,97,413486,0,0,914,1150,0,13516,1000,0,0,2744,2744,305,0,0,0,0,0,0,0,0,0,1000,100,200,100,15000,1500,0,0,0,0,0,0,0,0,0,238,5000,50,10,0,0,1
70098,7,98,421991,0,0,933,1174,0,13787,1000,0,0,2799,2799,305,0,0,0,0,0,0,0,0,0,1000,100,200,100,15000,1500,0,0,0,0,0,0,0,0,0,238,5000,50,10,0,0,1
70099,7,99,430652,0,0,951,1198,0,14064,1000,0,0,2858,2858,307,0,0,0,0,0,0,0,0,0,1000,100,200,100,15000,1500,0,0,0,0,0,0,0,0,0,238,5000,50,10,0,0,1
70100,7,100,439470,0,0,970,1222,0,14346,1000,0,0,2915,2915,308,0,0,0,0,0,0,0,0,0,1000,100,200,100,15000,1500,0,0,0,0,0,0,0,0,0,238,5000,50,10,0,0,1
70101,7,101,448446,0,0,990,1246,0,14633,1000,0,0,2971,2971,308,0,0,0,0,0,0,0,0,0,1000,100,200,100,15000,1500,0,0,0,0,0,0,0,0,0,238,5000,50,10,0,0,1
70102,7,102,457582,0,0,1009,1270,0,14925,1000,0,0,3031,3031,308,0,0,0,0,0,0,0,0,0,1000,100,200,100,15000,1500,0,0,0,0,0,0,0,0,0,238,5000,50,10,0,0,1
70103,7,103,466878,0,0,1029,1295,0,15212,1000,0,0,3089,3089,309,0,0,0,0,0,0,0,0,0,1000,100,200,100,15000,1500,0,0,0,0,0,0,0,0,0,238,5000,50,10,0,0,1
70104,7,104,476337,0,0,1049,1320,0,15505,1000,0,0,3148,3148,309,0,0,0,0,0,0,0,0,0,1000,100,200,100,15000,1500,0,0,0,0,0,0,0,0,0,238,5000,50,10,0,0,1
70105,7,105,485959,0,0,1069,1345,0,15803,1000,0,0,3208,3208,309,0,0,0,0,0,0,0,0,0,1000,100,200,100,15000,1500,0,0,0,0,0,0,0,0,0,238,5000,50,10,0,0,1
70106,7,106,495745,0,0,1089,1371,0,16096,1000,0,0,3269,3269,310,0,0,0,0,0,0,0,0,0,1000,100,200,100,15000,1500,0,0,0,0,0,0,0,0,0,238,5000,50,10,0,0,1
70107,7,107,505697,0,0,1109,1396,0,16405,1000,0,0,3332,3332,310,0,0,0,0,0,0,0,0,0,1000,100,200,100,15000,1500,0,0,0,0,0,0,0,0,0,238,5000,50,10,0,0,1
70108,7,108,515816,0,0,1130,1422,0,16709,1000,0,0,3392,3392,311,0,0,0,0,0,0,0,0,0,1000,100,200,100,15000,1500,0,0,0,0,0,0,0,0,0,238,5000,50,10,0,0,1
70109,7,109,526103,0,0,1151,1448,0,17018,1000,0,0,3454,3454,310,0,0,0,0,0,0,0,0,0,1000,100,200,100,15000,1500,0,0,0,0,0,0,0,0,0,238,5000,50,10,0,0,1
70110,7,110,536560,0,0,1172,1475,0,17322,1000,0,0,3517,3517,311,0,0,0,0,0,0,0,0,0,1000,100,200,100,15000,1500,0,0,0,0,0,0,0,0,0,238,5000,50,10,0,0,1
70111,7,111,547188,0,0,1193,1501,0,17641,1000,0,0,3581,3581,310,0,0,0,0,0,0,0,0,0,1000,100,200,100,15000,1500,0,0,0,0,0,0,0,0,0,238,5000,50,10,0,0,1
70112,7,112,557988,0,0,1214,1528,0,17956,1000,0,0,3646,3646,311,0,0,0,0,0,0,0,0,0,1000,100,200,100,15000,1500,0,0,0,0,0,0,0,0,0,238,5000,50,10,0,0,1
70113,7,113,568961,0,0,1236,1555,0,18276,1000,0,0,3710,3710,310,0,0,0,0,0,0,0,0,0,1000,100,200,100,15000,1500,0,0,0,0,0,0,0,0,0,238,5000,50,10,0,0,1
70114,7,114,580108,0,0,1258,1583,0,18591,1000,0,0,3774,3774,310,0,0,0,0,0,0,0,0,0,1000,100,200,100,15000,1500,0,0,0,0,0,0,0,0,0,238,5000,50,10,0,0,1
70115,7,115,591431,0,0,1280,1611,0,18912,1000,0,0,3840,3840,310,0,0,0,0,0,0,0,0,0,1000,100,200,100,15000,1500,0,0,0,0,0,0,0,0,0,238,5000,50,10,0,0,1
70116,7,116,602931,0,0,1302,1638,0,19247,1000,0,0,3907,3907,310,0,0,0,0,0,0,0,0,0,1000,100,200,100,15000,1500,0,0,0,0,0,0,0,0,0,238,5000,50,10,0,0,1
70117,7,117,614609,0,0,1324,1666,0,19578,1000,0,0,3975,3975,309,0,0,0,0,0,0,0,0,0,1000,100,200,100,15000,1500,0,0,0,0,0,0,0,0,0,238,5000,50,10,0,0,1
70118,7,118,626467,0,0,1347,1695,0,19904,1000,0,0,4041,4041,308,0,0,0,0,0,0,0,0,0,1000,100,200,100,15000,1500,0,0,0,0,0,0,0,0,0,238,5000,50,10,0,0,1
70119,7,119,638505,0,0,1369,1723,0,20246,1000,0,0,4111,4111,308,0,0,0,0,0,0,0,0,0,1000,100,200,100,15000,1500,0,0,0,0,0,0,0,0,0,238,5000,50,10,0,0,1
70120,7,120,0,0,0,1392,1752,0,20582,1000,0,0,4179,4179,308,0,0,0,0,0,0,0,0,0,1000,100,200,100,15000,1500,0,0,0,0,0,0,0,0,0,238,5000,50,10,0,0,1
100001,10,1,60,0,0,0,20,10,198,1000,0,0,37,37,11,0,0,0,0,0,0,0,0,0,1000,100,200,100,15000,1500,0,0,0,0,0,0,0,0,0,303,5000,50,10,0,0,0
100002,10,2,103,0,0,0,21,11,196,1000,0,0,38,38,14,0,0,0,0,0,0,0,0,0,1000,100,200,100,15000,1500,0,0,0,0,0,0,0,0,0,303,5000,50,10,0,0,1
100003,10,3,148,0,0,0,22,12,201,1000,0,0,40,40,17,0,0,0,0,0,0,0,0,0,1000,100,200,100,15000,1500,0,0,0,0,0,0,0,0,0,303,5000,50,10,0,0,1
100004,10,4,196,0,0,0,23,13,212,1000,0,0,41,41,21,0,0,0,0,0,0,0,0,0,1000,100,200,100,15000,1500,0,0,0,0,0,0,0,0,0,303,5000,50,10,0,0,1
100005,10,5,247,0,0,0,24,14,229,1000,0,0,43,43,25,0,0,0,0,0,0,0,0,0,1000,100,200,100,15000,1500,0,0,0,0,0,0,0,0,0,303,5000,50,10,0,0,1
100006,10,6,315,0,0,0,26,15,242,1000,0,0,46,46,29,0,0,0,0,0,0,0,0,0,1000,100,200,100,15000,1500,0,0,0,0,0,0,0,0,0,303,5000,50,10,0,0,1
100007,10,7,387,0,0,0,28,16,261,1000,0,0,50,50,34,0,0,0,0,0,0,0,0,0,1000,100,200,100,15000,1500,0,0,0,0,0,0,0,0,0,303,5000,50,10,0,0,1
100008,10,8,464,0,0,0,30,17,286,1000,0,0,55,55,38,0,0,0,0,0,0,0,0,0,1000,100,200,100,15000,1500,0,0,0,0,0,0,0,0,0,303,5000,50,10,0,0,1
100009,10,9,546,0,0,0,33,19,307,1000,0,0,59,59,43,0,0,0,0,0,0,0,0,0,1000,100,200,100,15000,1500,0,0,0,0,0,0,0,0,0,303,5000,50,10,0,0,1
100010,10,10,633,0,0,0,36,21,334,1000,0,0,63,63,47,0,0,0,0,0,0,0,0,0,1000,100,200,100,15000,1500,0,0,0,0,0,0,0,0,0,303,5000,50,10,0,0,1
100011,10,11,726,0,0,0,39,22,367,1000,0,0,71,71,52,0,0,0,0,0,0,0,0,0,1000,100,200,100,15000,1500,0,0,0,0,0,0,0,0,0,303,5000,50,10,0,0,2
100012,10,12,834,0,0,0,43,25,395,1000,0,0,75,75,57,0,0,0,0,0,0,0,0,0,1000,100,200,100,15000,1500,0,0,0,0,0,0,0,0,0,303,5000,50,10,0,0,2
100013,10,13,948,0,0,0,47,27,430,1000,0,0,83,83,62,0,0,0,0,0,0,0,0,0,1000,100,200,100,15000,1500,0,0,0,0,0,0,0,0,0,303,5000,50,10,0,0,2
100014,10,14,1068,0,0,0,51,29,471,1000,0,0,91,91,68,0,0,0,0,0,0,0,0,0,1000,100,200,100,15000,1500,0,0,0,0,0,0,0,0,0,303,5000,50,10,0,0,2
100015,10,15,1194,0,0,0,56,32,508,1000,0,0,98,98,73,0,0,0,0,0,0,0,0,0,1000,100,200,100,15000,1500,0,0,0,0,0,0,0,0,0,303,5000,50,10,0,0,2
100016,10,16,1326,0,0,0,60,35,561,1000,0,0,106,106,78,0,0,0,0,0,0,0,0,0,1000,100,200,100,15000,1500,0,0,0,0,0,0,0,0,0,303,5000,50,10,0,0,2
100017,10,17,1465,0,0,0,66,38,599,1000,0,0,115,115,84,0,0,0,0,0,0,0,0,0,1000,100,200,100,15000,1500,0,0,0,0,0,0,0,0,0,303,5000,50,10,0,0,2
100018,10,18,1630,0,0,0,71,41,654,1000,0,0,125,125,89,0,0,0,0,0,0,0,0,0,1000,100,200,100,15000,1500,0,0,0,0,0,0,0,0,0,303,5000,50,10,0,0,2
100019,10,19,1802,0,0,0,77,44,705,1000,0,0,136,136,95,0,0,0,0,0,0,0,0,0,1000,100,200,100,15000,1500,0,0,0,0,0,0,0,0,0,303,5000,50,10,0,0,2
100020,10,20,1981,0,0,0,83,48,762,1000,0,0,145,145,101,0,0,0,0,0,0,0,0,0,1000,100,200,100,15000,1500,0,0,0,0,0,0,0,0,0,303,5000,50,10,0,0,2
100021,10,21,2167,0,0,0,89,52,824,1000,0,0,156,156,106,0,0,0,0,0,0,0,0,0,1000,100,200,100,15000,1500,0,0,0,0,0,0,0,0,0,303,5000,50,10,0,0,2
100022,10,22,2360,0,0,0,96,55,883,1000,0,0,170,170,112,0,0,0,0,0,0,0,0,0,1000,100,200,100,15000,1500,0,0,0,0,0,0,0,0,0,303,5000,50,10,0,0,2
100023,10,23,2560,0,0,0,103,60,948,1000,0,0,180,180,118,0,0,0,0,0,0,0,0,0,1000,100,200,100,15000,1500,0,0,0,0,0,0,0,0,0,303,5000,50,10,0,0,2
100024,10,24,2796,0,0,0,111,64,1008,1000,0,0,193,193,124,0,0,0,0,0,0,0,0,0,1000,100,200,100,15000,1500,0,0,0,0,0,0,0,0,0,303,5000,50,10,0,0,2
100025,10,25,3043,0,0,0,118,68,1085,1000,0,0,208,208,130,0,0,0,0,0,0,0,0,0,1000,100,200,100,15000,1500,0,0,0,0,0,0,0,0,0,303,5000,50,10,0,0,2
100026,10,26,3301,0,0,0,126,73,1157,1000,0,0,221,221,137,0,0,0,0,0,0,0,0,0,1000,100,200,100,15000,1500,0,0,0,0,0,0,0,0,0,303,5000,50,10,0,0,2
100027,10,27,3821,0,0,0,135,78,1226,1000,0,0,235,235,143,0,0,0,0,0,0,0,0,0,1000,100,200,100,15000,1500,0,0,0,0,0,0,0,0,0,303,5000,50,10,0,0,2
100028,10,28,4369,0,0,0,143,83,1311,1000,0,0,250,250,149,0,0,0,0,0,0,0,0,0,1000,100,200,100,15000,1500,0,0,0,0,0,0,0,0,0,303,5000,50,10,0,0,2
100029,10,29,4946,0,0,0,152,88,1391,1000,0,0,266,266,156,0,0,0,0,0,0,0,0,0,1000,100,200,100,15000,1500,0,0,0,0,0,0,0,0,0,303,5000,50,10,0,0,2
100030,10,30,6410,0,0,0,162,93,1468,1000,0,0,283,283,162,0,0,0,0,0,0,0,0,0,1000,100,200,100,15000,1500,0,0,0,0,0,0,0,0,0,303,5000,50,10,0,0,2
100031,10,31,7962,0,0,0,171,99,1560,1000,0,0,298,298,169,0,0,0,0,0,0,0,0,0,1000,100,200,100,15000,1500,0,0,0,0,0,0,0,0,0,303,5000,50,10,0,0,3
100032,10,32,9605,0,0,0,181,105,1649,1000,0,0,315,315,175,0,0,0,0,0,0,0,0,0,1000,100,200,100,15000,1500,0,0,0,0,0,0,0,0,0,303,5000,50,10,0,0,3
100033,10,33,11340,0,0,0,191,110,1743,1000,0,0,335,335,182,0,0,0,0,0,0,0,0,0,1000,100,200,100,15000,1500,0,0,0,0,0,0,0,0,0,303,5000,50,10,0,0,3
100034,10,34,13170,0,0,0,202,116,1834,1000,0,0,353,353,188,0,0,0,0,0,0,0,0,0,1000,100,200,100,15000,1500,0,0,0,0,0,0,0,0,0,303,5000,50,10,0,0,3
100035,10,35,15098,0,0,0,213,123,1930,1000,0,0,370,370,195,0,0,0,0,0,0,0,0,0,1000,100,200,100,15000,1500,0,0,0,0,0,0,0,0,0,303,5000,50,10,0,0,3
100036,10,36,17732,0,0,0,224,129,2033,1000,0,0,391,391,202,0,0,0,0,0,0,0,0,0,1000,100,200,100,15000,1500,0,0,0,0,0,0,0,0,0,303,5000,50,10,0,0,3
100037,10,37,20500,0,0,0,235,136,2141,1000,0,0,410,410,209,0,0,0,0,0,0,0,0,0,1000,100,200,100,15000,1500,0,0,0,0,0,0,0,0,0,303,5000,50,10,0,0,3
100038,10,38,23404,0,0,0,247,143,2246,1000,0,0,429,429,216,0,0,0,0,0,0,0,0,0,1000,100,200,100,15000,1500,0,0,0,0,0,0,0,0,0,303,5000,50,10,0,0,3
100039,10,39,26449,0,0,0,259,150,2356,1000,0,0,450,450,223,0,0,0,0,0,0,0,0,0,1000,100,200,100,15000,1500,0,0,0,0,0,0,0,0,0,303,5000,50,10,0,0,3
100040,10,40,29637,0,0,0,272,157,2463,1000,0,0,472,472,230,0,0,0,0,0,0,0,0,0,1000,100,200,100,15000,1500,0,0,0,0,0,0,0,0,0,303,5000,50,10,0,0,3
100041,10,41,32971,0,0,0,284,164,2585,1000,0,0,496,496,237,0,0,0,0,0,0,0,0,0,1000,100,200,100,15000,1500,0,0,0,0,0,0,0,0,0,303,5000,50,10,0,0,3
100042,10,42,36857,0,0,0,297,172,2703,1000,0,0,517,517,244,0,0,0,0,0,0,0,0,0,1000,100,200,100,15000,1500,0,0,0,0,0,0,0,0,0,303,5000,50,10,0,0,3
100043,10,43,40913,0,0,0,311,179,2818,1000,0,0,542,542,251,0,0,0,0,0,0,0,0,0,1000,100,200,100,15000,1500,0,0,0,0,0,0,0,0,0,303,5000,50,10,0,0,3
100044,10,44,45143,0,0,0,324,187,2948,1000,0,0,566,566,259,0,0,0,0,0,0,0,0,0,1000,100,200,100,15000,1500,0,0,0,0,0,0,0,0,0,303,5000,50,10,0,0,3
100045,10,45,49550,0,0,0,338,195,3074,1000,0,0,590,590,266,0,0,0,0,0,0,0,0,0,1000,100,200,100,15000,1500,0,0,0,0,0,0,0,0,0,303,5000,50,10,0,0,3
100046,10,46,54137,0,0,0,353,204,3197,1000,0,0,613,613,273,0,0,0,0,0,0,0,0,0,1000,100,200,100,15000,1500,0,0,0,0,0,0,0,0,0,303,5000,50,10,0,0,3
100047,10,47,58908,0,0,0,367,212,3335,1000,0,0,639,639,281,0,0,0,0,0,0,0,0,0,1000,100,200,100,15000,1500,0,0,0,0,0,0,0,0,0,303,5000,50,10,0,0,3
100048,10,48,64124,0,0,0,382,221,3469,1000,0,0,664,664,288,0,0,0,0,0,0,0,0,0,1000,100,200,100,15000,1500,0,0,0,0,0,0,0,0,0,303,5000,50,10,0,0,3
100049,10,49,69541,0,0,0,397,230,3610,1000,0,0,690,690,296,0,0,0,0,0,0,0,0,0,1000,100,200,100,15000,1500,0,0,0,0,0,0,0,0,0,303,5000,50,10,0,0,3
100050,10,50,75162,0,0,0,413,239,3746,1000,0,0,717,717,303,0,0,0,0,0,0,0,0,0,1000,100,200,100,15000,1500,0,0,0,0,0,0,0,0,0,303,5000,50,10,0,0,3
100051,10,51,80990,0,0,0,429,248,3888,1000,0,0,745,745,311,0,0,0,0,0,0,0,0,0,1000,100,200,100,15000,1500,0,0,0,0,0,0,0,0,0,303,5000,50,10,0,0,4
100052,10,52,87029,0,0,0,445,257,4036,1000,0,0,774,774,318,0,0,0,0,0,0,0,0,0,1000,100,200,100,15000,1500,0,0,0,0,0,0,0,0,0,303,5000,50,10,0,0,4
100053,10,53,93282,0,0,0,462,267,4180,1000,0,0,801,801,326,0,0,0,0,0,0,0,0,0,1000,100,200,100,15000,1500,0,0,0,0,0,0,0,0,0,303,5000,50,10,0,0,4
100054,10,54,100074,0,0,0,478,276,4341,1000,0,0,833,833,334,0,0,0,0,0,0,0,0,0,1000,100,200,100,15000,1500,0,0,0,0,0,0,0,0,0,303,5000,50,10,0,0,4
100055,10,55,107098,0,0,0,495,286,4497,1000,0,0,862,862,341,0,0,0,0,0,0,0,0,0,1000,100,200,100,15000,1500,0,0,0,0,0,0,0,0,0,303,5000,50,10,0,0,4
100056,10,56,114359,0,0,0,513,296,4649,1000,0,0,893,893,349,0,0,0,0,0,0,0,0,0,1000,100,200,100,15000,1500,0,0,0,0,0,0,0,0,0,303,5000,50,10,0,0,4
100057,10,57,121859,0,0,0,531,307,4807,1000,0,0,921,921,357,0,0,0,0,0,0,0,0,0,1000,100,200,100,15000,1500,0,0,0,0,0,0,0,0,0,303,5000,50,10,0,0,4
100058,10,58,129603,0,0,0,549,317,4971,1000,0,0,954,954,365,0,0,0,0,0,0,0,0,0,1000,100,200,100,15000,1500,0,0,0,0,0,0,0,0,0,303,5000,50,10,0,0,4
100059,10,59,137593,0,0,0,567,328,5141,1000,0,0,985,985,373,0,0,0,0,0,0,0,0,0,1000,100,200,100,15000,1500,0,0,0,0,0,0,0,0,0,303,5000,50,10,0,0,4
100060,10,60,148171,0,0,0,586,338,5308,1000,0,0,1019,1019,381,0,0,0,0,0,0,0,0,0,1000,100,200,100,15000,1500,0,0,0,0,0,0,0,0,0,303,5000,50,10,0,0,5
100061,10,61,159084,0,0,0,605,349,5480,1000,0,0,1052,1052,389,0,0,0,0,0,0,0,0,0,1000,100,200,100,15000,1500,0,0,0,0,0,0,0,0,0,303,5000,50,10,0,0,1
100062,10,62,170338,0,0,0,624,361,5658,1000,0,0,1083,1083,397,0,0,0,0,0,0,0,0,0,1000,100,200,100,15000,1500,0,0,0,0,0,0,0,0,0,303,5000,50,10,0,0,1
100063,10,63,181937,0,0,0,644,372,5832,1000,0,0,1119,1119,405,0,0,0,0,0,0,0,0,0,1000,100,200,100,15000,1500,0,0,0,0,0,0,0,0,0,303,5000,50,10,0,0,1
100064,10,64,193887,0,0,0,664,384,6012,1000,0,0,1152,1152,413,0,0,0,0,0,0,0,0,0,1000,100,200,100,15000,1500,0,0,0,0,0,0,0,0,0,303,5000,50,10,0,0,1
100065,10,65,206192,0,0,0,684,395,6198,1000,0,0,1189,1189,421,0,0,0,0,0,0,0,0,0,1000,100,200,100,15000,1500,0,0,0,0,0,0,0,0,0,303,5000,50,10,0,0,1
100066,10,66,219431,0,0,0,705,407,6380,1000,0,0,1224,1224,430,0,0,0,0,0,0,0,0,0,1000,100,200,100,15000,1500,0,0,0,0,0,0,0,0,0,303,5000,50,10,0,0,1
100067,10,67,233052,0,0,0,725,419,6578,1000,0,0,1261,1261,438,0,0,0,0,0,0,0,0,0,1000,100,200,100,15000,1500,0,0,0,0,0,0,0,0,0,303,5000,50,10,0,0,1
100068,10,68,247060,0,0,0,747,432,6762,1000,0,0,1296,1296,446,0,0,0,0,0,0,0,0,0,1000,100,200,100,15000,1500,0,0,0,0,0,0,0,0,0,303,5000,50,10,0,0,1
100069,10,69,261460,0,0,0,768,444,6962,1000,0,0,1334,1334,455,0,0,0,0,0,0,0,0,0,1000,100,200,100,15000,1500,0,0,0,0,0,0,0,0,0,303,5000,50,10,0,0,1
100070,10,70,276258,0,0,0,790,457,7158,1000,0,0,1371,1371,463,0,0,0,0,0,0,0,0,0,1000,100,200,100,15000,1500,0,0,0,0,0,0,0,0,0,303,5000,50,10,0,0,1
100071,10,71,291458,0,0,0,812,469,7360,1000,0,0,1412,1412,471,0,0,0,0,0,0,0,0,0,1000,100,200,100,15000,1500,0,0,0,0,0,0,0,0,0,303,5000,50,10,0,0,1
100072,10,72,294162,0,0,0,835,482,7558,1000,0,0,1451,1451,480,0,0,0,0,0,0,0,0,0,1000,100,200,100,15000,1500,0,0,0,0,0,0,0,0,0,303,5000,50,10,0,0,1
100073,10,73,296933,0,0,0,857,496,7772,1000,0,0,1488,1488,488,0,0,0,0,0,0,0,0,0,1000,100,200,100,15000,1500,0,0,0,0,0,0,0,0,0,303,5000,50,10,0,0,1
100074,10,74,299771,0,0,0,881,509,7971,1000,0,0,1529,1529,497,0,0,0,0,0,0,0,0,0,1000,100,200,100,15000,1500,0,0,0,0,0,0,0,0,0,303,5000,50,10,0,0,1
100075,10,75,302677,0,0,0,904,522,8187,1000,0,0,1571,1571,505,0,0,0,0,0,0,0,0,0,1000,100,200,100,15000,1500,0,0,0,0,0,0,0,0,0,303,5000,50,10,0,0,1
100076,10,76,305652,0,0,0,928,536,8399,1000,0,0,1611,1611,514,0,0,0,0,0,0,0,0,0,1000,100,200,100,15000,1500,0,0,0,0,0,0,0,0,0,303,5000,50,10,0,0,1
100077,10,77,308696,0,0,0,952,550,8617,1000,0,0,1653,1653,523,0,0,0,0,0,0,0,0,0,1000,100,200,100,15000,1500,0,0,0,0,0,0,0,0,0,303,5000,50,10,0,0,1
100078,10,78,311810,0,0,0,976,564,8841,1000,0,0,1695,1695,531,0,0,0,0,0,0,0,0,0,1000,100,200,100,15000,1500,0,0,0,0,0,0,0,0,0,303,5000,50,10,0,0,1
100079,10,79,314995,0,0,0,1001,578,9061,1000,0,0,1739,1739,540,0,0,0,0,0,0,0,0,0,1000,100,200,100,15000,1500,0,0,0,0,0,0,0,0,0,303,5000,50,10,0,0,1
100080,10,80,318252,0,0,0,1026,593,9287,1000,0,0,1780,1780,549,0,0,0,0,0,0,0,0,0,1000,100,200,100,15000,1500,0,0,0,0,0,0,0,0,0,303,5000,50,10,0,0,1
100081,10,81,321581,0,0,0,1051,607,9518,1000,0,0,1826,1826,558,0,0,0,0,0,0,0,0,0,1000,100,200,100,15000,1500,0,0,0,0,0,0,0,0,0,303,5000,50,10,0,0,1
100082,10,82,324983,0,0,0,1077,622,9746,1000,0,0,1870,1870,566,0,0,0,0,0,0,0,0,0,1000,100,200,100,15000,1500,0,0,0,0,0,0,0,0,0,303,5000,50,10,0,0,1
100083,10,83,328459,0,0,0,1103,637,9980,1000,0,0,1915,1915,575,0,0,0,0,0,0,0,0,0,1000,100,200,100,15000,1500,0,0,0,0,0,0,0,0,0,303,5000,50,10,0,0,1
100084,10,84,332009,0,0,0,1129,652,10220,1000,0,0,1961,1961,584,0,0,0,0,0,0,0,0,0,1000,100,200,100,15000,1500,0,0,0,0,0,0,0,0,0,303,5000,50,10,0,0,1
100085,10,85,335634,0,0,0,1155,668,10465,1000,0,0,2005,2005,593,0,0,0,0,0,0,0,0,0,1000,100,200,100,15000,1500,0,0,0,0,0,0,0,0,0,303,5000,50,10,0,0,1
100086,10,86,339335,0,0,0,1182,683,10707,1000,0,0,2053,2053,602,0,0,0,0,0,0,0,0,0,1000,100,200,100,15000,1500,0,0,0,0,0,0,0,0,0,303,5000,50,10,0,0,1
100087,10,87,343113,0,0,0,1209,699,10955,1000,0,0,2100,2100,611,0,0,0,0,0,0,0,0,0,1000,100,200,100,15000,1500,0,0,0,0,0,0,0,0,0,303,5000,50,10,0,0,1
100088,10,88,346968,0,0,0,1237,715,11198,1000,0,0,2147,2147,620,0,0,0,0,0,0,0,0,0,1000,100,200,100,15000,1500,0,0,0,0,0,0,0,0,0,303,5000,50,10,0,0,1
100089,10,89,350901,0,0,0,1265,731,11448,1000,0,0,2195,2195,629,0,0,0,0,0,0,0,0,0,1000,100,200,100,15000,1500,0,0,0,0,0,0,0,0,0,303,5000,50,10,0,0,1
100090,10,90,358206,0,0,0,1293,747,11704,1000,0,0,2245,2245,638,0,0,0,0,0,0,0,0,0,1000,100,200,100,15000,1500,0,0,0,0,0,0,0,0,0,303,5000,50,10,0,0,1
100091,10,91,365656,0,0,0,1321,764,11965,1000,0,0,2293,2293,647,0,0,0,0,0,0,0,0,0,1000,100,200,100,15000,1500,0,0,0,0,0,0,0,0,0,303,5000,50,10,0,0,1
100092,10,92,373253,0,0,0,1350,780,12223,1000,0,0,2344,2344,656,0,0,0,0,0,0,0,0,0,1000,100,200,100,15000,1500,0,0,0,0,0,0,0,0,0,303,5000,50,10,0,0,1
100093,10,93,380998,0,0,0,1379,797,12487,1000,0,0,2394,2394,666,0,0,0,0,0,0,0,0,0,1000,100,200,100,15000,1500,0,0,0,0,0,0,0,0,0,303,5000,50,10,0,0,1
100094,10,94,388893,0,0,0,1408,814,12756,1000,0,0,2445,2445,675,0,0,0,0,0,0,0,0,0,1000,100,200,100,15000,1500,0,0,0,0,0,0,0,0,0,303,5000,50,10,0,0,1
100095,10,95,396938,0,0,0,1438,831,13022,1000,0,0,2497,2497,684,0,0,0,0,0,0,0,0,0,1000,100,200,100,15000,1500,0,0,0,0,0,0,0,0,0,303,5000,50,10,0,0,1
100096,10,96,405135,0,0,0,1468,849,13293,1000,0,0,2547,2547,693,0,0,0,0,0,0,0,0,0,1000,100,200,100,15000,1500,0,0,0,0,0,0,0,0,0,303,5000,50,10,0,0,1
100097,10,97,413486,0,0,0,1498,866,13571,1000,0,0,2601,2601,703,0,0,0,0,0,0,0,0,0,1000,100,200,100,15000,1500,0,0,0,0,0,0,0,0,0,303,5000,50,10,0,0,1
100098,10,98,421991,0,0,0,1529,884,13844,1000,0,0,2654,2654,712,0,0,0,0,0,0,0,0,0,1000,100,200,100,15000,1500,0,0,0,0,0,0,0,0,0,303,5000,50,10,0,0,1
100099,10,99,430652,0,0,0,1560,902,14124,1000,0,0,2707,2707,721,0,0,0,0,0,0,0,0,0,1000,100,200,100,15000,1500,0,0,0,0,0,0,0,0,0,303,5000,50,10,0,0,1
100100,10,100,439470,0,0,0,1591,920,14410,1000,0,0,2761,2761,731,0,0,0,0,0,0,0,0,0,1000,100,200,100,15000,1500,0,0,0,0,0,0,0,0,0,303,5000,50,10,0,0,1
100101,10,101,448446,0,0,0,1623,938,14691,1000,0,0,2817,2817,740,0,0,0,0,0,0,0,0,0,1000,100,200,100,15000,1500,0,0,0,0,0,0,0,0,0,303,5000,50,10,0,0,1
100102,10,102,457582,0,0,0,1655,957,14978,1000,0,0,2871,2871,750,0,0,0,0,0,0,0,0,0,1000,100,200,100,15000,1500,0,0,0,0,0,0,0,0,0,303,5000,50,10,0,0,1
100103,10,103,466878,0,0,0,1687,975,15272,1000,0,0,2928,2928,759,0,0,0,0,0,0,0,0,0,1000,100,200,100,15000,1500,0,0,0,0,0,0,0,0,0,303,5000,50,10,0,0,1
100104,10,104,476337,0,0,0,1719,994,15571,1000,0,0,2984,2984,769,0,0,0,0,0,0,0,0,0,1000,100,200,100,15000,1500,0,0,0,0,0,0,0,0,0,303,5000,50,10,0,0,1
100105,10,105,485959,0,0,0,1752,1013,15867,1000,0,0,3041,3041,778,0,0,0,0,0,0,0,0,0,1000,100,200,100,15000,1500,0,0,0,0,0,0,0,0,0,303,5000,50,10,0,0,1
100106,10,106,495745,0,0,0,1785,1032,16168,1000,0,0,3099,3099,788,0,0,0,0,0,0,0,0,0,1000,100,200,100,15000,1500,0,0,0,0,0,0,0,0,0,303,5000,50,10,0,0,1
100107,10,107,505697,0,0,0,1819,1051,16466,1000,0,0,3158,3158,797,0,0,0,0,0,0,0,0,0,1000,100,200,100,15000,1500,0,0,0,0,0,0,0,0,0,303,5000,50,10,0,0,1
100108,10,108,515816,0,0,0,1853,1071,16769,1000,0,0,3215,3215,807,0,0,0,0,0,0,0,0,0,1000,100,200,100,15000,1500,0,0,0,0,0,0,0,0,0,303,5000,50,10,0,0,1
100109,10,109,526103,0,0,0,1887,1091,17078,1000,0,0,3274,3274,817,0,0,0,0,0,0,0,0,0,1000,100,200,100,15000,1500,0,0,0,0,0,0,0,0,0,303,5000,50,10,0,0,1
100110,10,110,536560,0,0,0,1921,1111,17394,1000,0,0,3333,3333,826,0,0,0,0,0,0,0,0,0,1000,100,200,100,15000,1500,0,0,0,0,0,0,0,0,0,303,5000,50,10,0,0,1
100111,10,111,547188,0,0,0,1956,1131,17705,1000,0,0,3393,3393,836,0,0,0,0,0,0,0,0,0,1000,100,200,100,15000,1500,0,0,0,0,0,0,0,0,0,303,5000,50,10,0,0,1
100112,10,112,557988,0,0,0,1991,1151,18022,1000,0,0,3455,3455,846,0,0,0,0,0,0,0,0,0,1000,100,200,100,15000,1500,0,0,0,0,0,0,0,0,0,303,5000,50,10,0,0,1
100113,10,113,568961,0,0,0,2026,1171,18346,1000,0,0,3518,3518,856,0,0,0,0,0,0,0,0,0,1000,100,200,100,15000,1500,0,0,0,0,0,0,0,0,0,303,5000,50,10,0,0,1
100114,10,114,580108,0,0,0,2062,1192,18665,1000,0,0,3578,3578,866,0,0,0,0,0,0,0,0,0,1000,100,200,100,15000,1500,0,0,0,0,0,0,0,0,0,303,5000,50,10,0,0,1
100115,10,115,591431,0,0,0,2098,1213,18990,1000,0,0,3640,3640,875,0,0,0,0,0,0,0,0,0,1000,100,200,100,15000,1500,0,0,0,0,0,0,0,0,0,303,5000,50,10,0,0,1
100116,10,116,602931,0,0,0,2134,1234,19322,1000,0,0,3703,3703,885,0,0,0,0,0,0,0,0,0,1000,100,200,100,15000,1500,0,0,0,0,0,0,0,0,0,303,5000,50,10,0,0,1
100117,10,117,614609,0,0,0,2171,1255,19649,1000,0,0,3767,3767,895,0,0,0,0,0,0,0,0,0,1000,100,200,100,15000,1500,0,0,0,0,0,0,0,0,0,303,5000,50,10,0,0,1
100118,10,118,626467,0,0,0,2208,1276,19982,1000,0,0,3832,3832,905,0,0,0,0,0,0,0,0,0,1000,100,200,100,15000,1500,0,0,0,0,0,0,0,0,0,303,5000,50,10,0,0,1
100119,10,119,638505,0,0,0,2245,1298,20321,1000,0,0,3895,3895,915,0,0,0,0,0,0,0,0,0,1000,100,200,100,15000,1500,0,0,0,0,0,0,0,0,0,303,5000,50,10,0,0,1
100120,10,120,0,0,0,0,2283,1319,20657,1000,0,0,3962,3962,925,0,0,0,0,0,0,0,0,0,1000,100,200,100,15000,1500,0,0,0,0,0,0,0,0,0,303,5000,50,10,0,0,1
